Cycle Nr.,1,2,3,4,5,6,7,8,9,10,11,12,13,14,15,16,17,18,19,20,21,22,23,24,25,26,27,28,29,30,31,32,33,34,35,36,37,38,39,40,41,42,43,44,45,46,47,48,49,50,51,52,53,54,55,56,57,58,59,60,61,62,63,64,65,66,67,68,69,70,71,72,73,74,75,76,77,78,79,80,81,82,83,84,85,86,87,88,89,90,91,92,93,94,95,96,97,98,99,100,101,102,103,104,105,106,107,108,109,110,111,112,113,114,115,116,117,118,119,120,121
Time [s],0,1366.7,2733.5,4100.2,5469.7,6836.4,8203.6,9570.3,10937.1,12303.8,13670.5,15037.3,16404,17770.8,19137.5,20504.3,21871,23237.7,24604.5,25971.3,27338,28704.8,30071.5,31438.3,32805,34171.7,35538.5,36905.2,38271.9,39636.5,41003.2,42370,43736.7,45103.5,46470.2,47836.9,49203.7,50570.4,51937.2,53304,54670.7,56039.2,57406.3,58773.1,60139.9,61506.6,62873.4,64240.1,65606.9,66973.6,68340.3,69707.1,71073.8,72440.6,73807.3,75174,76540.7,77907.7,79274.5,80641.3,82008,83374.8,84741.5,86108.2,87475,88842.1,90208.8,91575.6,92942.3,94309,95676.3,97043,98409.8,99776.5,101143.3,102510,103876.8,105243.5,106610.3,107977,109343.7,110710.5,112077.3,113444,114810.8,116177.5,117544.3,118911.1,120277.9,121644.6,123011.4,124376,125743.2,127110,128476.7,129843.5,131210.3,132577.1,133943.8,135310.6,136677.4,138044.1,139410.9,140777.6,142144.4,143511.1,144877.9,146244.7,147611.4,148978.1,150344.9,151711.6,153078.4,154445.2,155812,157178.7,158545.5,159912.2,161279,162645.8,164012.6
Temp. [°C],37.8,37.8,36.8,37.3,37.6,37.8,37.4,36.9,37.5,36.9,37.7,36.9,37.5,37.7,37.3,37.5,37.4,37.7,37.2,37.7,37.6,36.9,37.6,36.9,37.8,36.8,37.2,37.2,36.8,37.7,37.5,37.7,37.7,37.8,37.7,37.7,37.3,37.1,37.5,36.9,37.5,37.7,37,37.6,37.4,37.2,37.7,36.8,37.4,37.6,37.2,37.7,36.8,37.6,36.8,37.6,36.9,36.9,37.1,37.8,37.8,37.5,37.4,36.8,37.8,37.7,37,37.5,37.8,37.1,37.3,37.8,37.3,36.9,37,37.2,37.7,37.8,37,37.5,37.8,36.8,36.8,36.8,37.7,37.7,37.3,36.9,36.8,37.1,37.7,37,37.7,37.7,37.5,37.7,37.8,37.4,37,37.6,37.6,36.8,36.9,36.9,36.8,37.4,37.7,37.5,37.1,37.1,37.7,37.3,37.3,37.7,36.9,37.7,37.2,37.6,37.4,36.8,37.6
A1,166,148,172,147,173,146,177,147,172,150,173,150,173,176,152,183,158,183,158,185,159,184,160,190,164,145,196,164,189,166,195,166,198,164,194,166,199,163,186,166,196,166,189,163,196,163,191,162,196,162,198,166,183,166,186,158,183,159,183,155,138,154,179,153,140,181,150,179,158,180,179,153,178,178,156,187,159,182,175,155,185,161,185,160,180,158,180,159,182,156,185,155,184,158,186,164,189,170,202,182,214,188,225,206,259,232,273,262,338,298,368,321,395,313,362,294,357,300,350,295,345
A2,163,143,166,144,171,140,170,145,163,144,162,147,164,162,144,167,142,167,143,172,146,163,144,168,144,131,169,145,166,145,175,148,171,149,172,148,176,151,172,151,183,149,172,155,180,156,181,153,182,154,180,153,175,158,179,154,176,155,184,159,138,151,179,157,138,189,157,175,155,179,179,157,178,174,153,181,157,180,180,154,184,151,184,152,179,156,179,150,180,150,176,151,174,150,173,144,169,144,166,147,168,145,166,144,174,150,170,145,173,145,174,149,173,151,177,151,179,152,168,151,169
A3,163,146,164,145,172,141,172,145,164,146,165,146,168,166,143,169,150,175,145,181,148,168,147,177,147,131,179,150,168,149,177,152,173,150,180,154,179,149,179,151,180,153,177,156,185,156,182,154,182,157,183,157,182,162,180,159,181,154,187,158,141,154,185,158,140,190,156,184,157,178,182,158,179,178,158,188,161,187,184,155,185,163,189,161,179,162,186,156,186,157,184,158,181,158,188,154,183,152,182,156,177,149,170,150,175,149,169,152,171,147,178,152,175,149,178,152,178,153,172,152,175
A4,163,142,163,144,171,142,166,143,163,145,167,147,161,163,145,168,147,171,145,172,147,169,146,171,147,134,173,148,170,150,177,147,174,149,178,149,179,151,175,150,182,150,173,155,180,157,180,151,183,154,183,155,178,157,175,155,178,156,184,155,134,154,184,159,141,193,155,178,158,183,186,163,179,180,154,191,159,186,181,157,191,160,189,160,180,161,189,160,184,158,188,159,186,159,191,158,185,160,183,160,189,155,178,155,183,156,173,150,177,151,177,153,179,152,179,154,172,153,173,148,173
A5,164,147,167,147,173,142,174,147,162,145,164,146,163,164,144,166,143,169,143,170,144,162,140,167,144,130,165,144,164,143,171,145,167,144,169,145,170,144,166,148,170,147,169,147,174,147,172,147,178,149,174,150,173,148,173,151,173,151,179,150,135,148,180,153,140,186,154,182,156,181,178,158,180,178,153,184,158,182,180,154,185,153,191,156,180,160,185,159,184,155,185,156,183,158,189,153,179,151,181,156,185,153,181,155,189,158,179,156,180,154,180,153,179,155,178,151,176,151,169,149,169
A6,160,143,167,143,169,138,169,140,166,140,163,146,159,161,141,164,139,166,139,166,142,159,138,161,138,123,164,142,161,140,165,142,168,142,168,143,164,142,164,141,169,144,164,145,172,147,168,143,173,148,174,148,170,150,175,151,171,147,173,149,132,149,173,153,134,189,152,179,150,175,175,157,178,175,152,181,154,180,177,153,185,154,181,156,176,156,179,157,182,155,184,151,184,155,183,152,184,156,183,156,182,154,175,152,183,154,176,154,178,152,180,151,180,153,177,151,171,150,169,150,166
A7,156,136,154,136,160,135,162,140,156,137,158,143,159,159,141,164,139,164,145,170,146,162,142,168,142,130,164,145,164,143,171,147,167,144,170,149,172,144,167,146,177,147,171,149,177,152,175,148,175,150,182,150,173,157,177,153,175,152,183,154,133,150,179,156,139,190,152,174,153,178,177,159,180,178,154,183,159,184,177,154,182,156,185,158,177,156,182,153,182,156,186,152,182,159,184,156,186,154,191,155,183,153,177,154,184,155,180,156,175,150,176,149,173,148,170,150,173,149,165,145,166
A8,158,139,161,138,164,137,166,143,166,143,163,148,158,160,142,164,143,168,145,169,145,166,143,170,146,132,172,146,168,148,174,150,172,149,179,151,176,150,174,148,179,153,179,155,184,155,183,152,185,154,184,159,181,156,180,155,181,157,183,153,136,157,186,158,139,194,156,184,162,184,187,162,183,183,158,193,160,191,182,159,194,163,188,164,186,162,192,161,188,162,187,158,187,163,194,159,191,162,189,159,187,163,188,159,194,164,189,164,189,158,187,157,190,159,182,157,183,153,177,155,173
A9,160,141,161,141,169,141,168,144,166,142,163,144,159,162,143,164,144,167,144,171,142,161,144,167,144,127,171,144,164,147,176,146,169,144,170,150,176,145,171,150,173,150,172,150,181,150,175,153,179,151,179,153,176,154,177,156,175,155,183,152,134,152,185,156,136,189,155,180,162,181,184,162,183,181,159,191,161,191,185,157,191,158,191,159,185,162,187,160,191,158,190,160,187,163,190,159,188,161,187,159,189,156,183,158,192,163,183,164,189,163,190,158,194,164,188,160,185,160,180,160,180
A10,166,145,167,145,171,142,170,144,168,144,165,144,166,162,145,168,143,169,143,169,143,161,143,170,146,130,169,143,163,143,171,142,169,144,171,147,173,145,167,146,174,145,165,150,174,150,175,147,179,150,181,152,175,153,175,152,174,151,177,152,137,150,178,152,140,188,150,177,158,179,182,159,179,178,156,193,164,185,181,155,189,157,194,164,182,164,188,159,191,163,187,158,194,161,190,162,192,158,191,158,184,160,187,160,192,161,186,164,187,158,191,167,189,160,187,164,188,162,186,162,184
A11,156,140,159,140,165,140,164,143,160,143,160,147,161,164,140,167,143,172,141,170,147,166,144,170,144,128,169,149,168,148,174,148,173,148,173,153,174,147,173,152,177,151,174,152,182,153,181,150,182,152,183,154,181,156,179,156,174,153,182,155,139,155,182,159,140,193,159,186,159,184,180,162,181,181,158,193,159,188,181,156,192,157,188,162,185,158,186,160,188,157,191,159,189,158,192,161,185,161,187,160,186,158,182,157,186,156,176,153,182,154,183,151,176,153,177,151,177,150,171,150,170
A12,154,139,161,138,162,135,162,144,160,140,161,143,163,166,143,172,146,172,147,177,152,170,151,176,154,136,184,156,178,155,190,157,182,159,185,158,188,157,185,156,187,159,187,162,193,161,185,155,189,158,186,160,186,161,184,155,178,160,186,157,140,157,182,160,140,189,156,180,156,174,173,153,174,170,150,175,148,173,170,147,174,149,176,153,171,151,171,152,176,148,180,153,176,153,178,152,179,152,176,150,177,153,175,153,179,154,174,154,181,153,179,156,180,157,183,162,194,172,200,176,211
B1,171,146,172,146,178,147,180,150,174,152,173,150,173,171,148,176,154,178,154,178,154,175,151,184,154,137,179,154,174,157,186,156,182,157,184,159,187,158,187,158,191,161,188,163,192,164,194,161,194,164,194,164,187,166,191,164,189,163,196,163,146,157,188,162,148,196,166,189,168,195,193,170,189,189,165,194,168,196,193,163,198,163,196,168,189,164,193,163,191,162,192,160,187,163,188,159,187,152,183,156,182,150,184,158,183,156,182,159,185,157,183,163,183,157,187,162,187,160,183,161,184
B2,193,174,200,175,206,174,209,180,202,177,201,180,199,202,179,209,180,208,179,215,180,211,183,213,184,173,218,195,224,211,249,237,273,271,336,340,414,446,553,619,779,910,1147,1397,1714,2090,2655,3211,3980,4737,5369,5526,5690,5716,5851,5818,5908,5930,6008,5960,5619,5429,5409,5327,5240,5363,5275,5346,5330,5365,5407,5391,5460,5490,5431,5521,5476,5533,5503,5472,5549,5460,5527,5443,5518,5448,5475,5406,5456,5377,5400,5319,5361,5277,5301,5231,5252,5186,5209,5139,5183,5127,5195,5121,5181,5114,5131,5099,5100,5057,5109,5047,5075,5012,5045,4999,5045,4996,5026,4943,4985
B3,187,176,192,169,203,174,205,174,194,175,199,176,197,195,175,207,175,200,174,209,179,203,180,211,184,170,218,204,222,215,250,237,280,274,336,349,424,459,558,626,784,928,1166,1420,1760,2140,2723,3302,4063,4817,5362,5484,5622,5653,5765,5729,5860,5860,5912,5937,5562,5405,5382,5265,5222,5297,5230,5296,5289,5340,5380,5344,5401,5421,5405,5482,5461,5491,5490,5428,5473,5409,5475,5406,5407,5354,5420,5359,5400,5319,5353,5291,5319,5244,5265,5177,5214,5162,5223,5082,5145,5097,5137,5109,5135,5081,5118,5078,5104,5075,5085,5041,5104,5024,5092,5016,5056,5019,5057,4984,5039
B4,190,172,197,172,201,173,201,175,199,174,202,180,198,198,176,205,179,200,180,208,182,206,180,217,185,174,225,205,232,224,261,245,298,300,365,384,464,508,637,719,904,1070,1359,1662,2086,2536,3185,3830,4707,5256,5508,5591,5730,5725,5792,5820,5938,5926,6006,5733,5419,5357,5333,5290,5197,5344,5270,5356,5352,5387,5418,5408,5453,5461,5413,5521,5478,5505,5509,5458,5513,5419,5509,5434,5443,5441,5461,5377,5391,5362,5378,5310,5348,5291,5275,5204,5245,5183,5216,5160,5191,5147,5190,5123,5183,5127,5129,5107,5158,5101,5099,5103,5138,5068,5131,5071,5110,5041,5074,5032,5089
B5,188,163,185,170,188,164,195,167,190,167,190,170,189,190,170,195,170,192,170,199,171,190,170,195,174,158,197,176,204,188,218,199,229,222,263,260,319,330,402,437,550,626,804,936,1216,1450,1849,2246,2826,3488,4317,5078,5506,5674,5790,5860,5995,5984,6078,6074,6070,5837,5624,5500,5410,5482,5404,5466,5426,5466,5526,5493,5533,5525,5517,5572,5570,5622,5612,5540,5595,5514,5569,5497,5532,5497,5526,5460,5465,5405,5413,5353,5382,5298,5341,5271,5258,5209,5240,5165,5208,5143,5195,5144,5170,5120,5138,5082,5141,5121,5122,5074,5124,5053,5144,5120,5116,5039,5110,5055,5093
B6,183,167,191,165,190,166,194,170,192,171,191,173,185,189,167,198,167,193,172,198,171,190,172,197,175,160,204,183,209,195,224,206,239,235,276,279,340,362,446,496,619,722,914,1095,1390,1698,2175,2639,3338,4046,4906,5485,5765,5891,5990,6018,6128,6151,6231,6210,6005,5753,5647,5534,5448,5578,5482,5559,5530,5586,5627,5593,5669,5680,5628,5723,5672,5728,5716,5669,5688,5610,5658,5561,5633,5578,5593,5512,5568,5490,5514,5435,5464,5393,5395,5306,5359,5292,5323,5240,5265,5209,5256,5217,5240,5175,5211,5192,5222,5167,5201,5159,5166,5127,5176,5130,5139,5117,5132,5085,5108
B7,207,183,208,188,214,185,215,188,207,190,210,192,213,208,189,221,195,221,194,226,194,214,202,228,207,199,241,230,259,262,312,309,369,393,484,546,699,819,1007,1224,1582,1933,2458,3051,3756,4525,5361,5706,5914,6009,6190,6198,6268,6349,6392,6395,6000,5779,5841,5730,5611,5855,5761,5727,5731,5859,6061,5927,5958,6104,6176,6040,6005,6035,5875,5866,5809,5837,5765,5704,5756,5681,5711,5651,5642,5621,5651,5603,5634,5554,5610,5536,5569,5499,5510,5435,5484,5400,5439,5388,5437,5359,5416,5355,5420,5320,5401,5338,5382,5362,5370,5321,5371,5290,5357,5312,5368,5320,5312,5269,5318
B8,192,175,197,171,201,173,202,178,197,174,204,180,199,200,176,203,180,205,179,208,182,205,183,210,187,175,217,202,229,219,260,246,299,300,365,391,492,554,694,811,1028,1236,1599,1964,2505,3071,3839,4555,5387,5731,5989,6028,6144,6214,6261,6276,6408,6231,5933,5727,5586,5633,5665,5589,5538,5680,5661,5706,5655,5740,5782,5711,5747,5780,5700,5760,5743,5743,5726,5642,5692,5582,5658,5586,5601,5546,5598,5511,5547,5502,5507,5419,5463,5390,5414,5337,5338,5286,5333,5281,5331,5257,5272,5245,5297,5254,5272,5217,5268,5241,5260,5201,5272,5181,5267,5211,5249,5175,5211,5176,5210
B9,194,171,194,170,203,170,196,175,196,174,196,178,197,197,178,206,181,206,180,210,181,206,185,212,191,179,222,206,236,229,274,266,318,336,412,455,564,668,834,975,1255,1518,1931,2391,3018,3698,4517,5315,5851,6023,6241,6282,6377,6477,6524,6537,6626,6083,5901,5816,5669,5774,5776,5750,5727,5903,5859,5944,5907,5950,6060,6040,6059,6068,5956,6019,5920,5932,5844,5726,5730,5658,5679,5601,5635,5578,5603,5519,5581,5482,5541,5461,5503,5434,5394,5354,5396,5347,5379,5336,5357,5272,5339,5323,5351,5300,5323,5289,5334,5261,5325,5258,5311,5252,5273,5235,5273,5229,5246,5205,5234
B10,195,174,195,176,202,172,203,180,200,175,199,180,198,197,181,203,180,208,182,213,183,205,187,218,192,186,231,215,248,246,296,300,359,385,477,536,669,794,982,1189,1527,1870,2369,2943,3678,4397,5349,5959,6364,6334,6538,6644,6778,6785,6878,6875,6501,6213,6204,6180,6153,6276,6347,6371,6390,6614,6635,6779,6696,6882,7135,7092,7081,7117,7005,6978,6843,6824,6654,6532,6461,6293,6238,6050,5940,5853,5834,5743,5752,5634,5612,5540,5547,5493,5511,5449,5473,5408,5472,5420,5424,5359,5430,5363,5430,5352,5398,5339,5386,5359,5365,5323,5380,5348,5367,5290,5362,5315,5329,5287,5329
B11,187,165,187,169,196,161,195,170,189,171,192,170,190,195,172,199,182,204,184,214,202,237,232,280,280,307,403,445,559,659,858,1022,1292,1611,2051,2550,3242,3933,4411,4522,4650,4549,4551,4434,4440,4391,4430,4412,4504,4359,4303,4225,4227,4142,4173,4119,4159,4074,4099,4052,3978,4026,4058,4017,3976,4046,3985,4032,3948,4010,3995,3948,3973,3971,3906,3958,3901,3946,3945,3879,3904,3870,3901,3863,3883,3825,3861,3845,3859,3801,3839,3795,3806,3767,3767,3717,3758,3701,3712,3662,3710,3641,3660,3636,3667,3607,3596,3588,3606,3568,3587,3515,3535,3477,3514,3441,3474,3400,3395,3329,3356
B12,156,137,161,140,162,140,163,139,156,141,160,142,157,159,138,165,139,168,139,166,139,164,140,166,142,127,166,142,162,142,171,146,166,144,172,145,171,142,166,145,175,146,171,147,176,146,176,146,174,148,172,146,172,150,167,149,172,150,176,150,133,149,175,151,137,184,147,179,157,179,178,155,180,178,153,185,157,181,175,152,185,156,181,155,181,156,181,159,181,151,182,156,187,159,184,156,186,155,180,160,181,153,180,154,187,159,183,158,182,159,183,156,185,152,175,154,182,151,172,153,167
C1,166,150,174,149,173,145,176,147,171,149,172,152,170,172,147,173,150,172,153,174,152,175,153,177,150,137,175,149,173,150,181,153,176,149,182,159,176,155,180,154,185,154,179,158,187,158,186,157,189,159,193,159,185,162,183,164,182,161,188,158,142,158,189,162,144,196,157,188,161,189,187,169,188,187,163,194,169,197,186,163,192,157,196,165,190,163,190,163,197,165,197,162,194,166,196,164,190,165,195,165,195,161,185,163,190,166,187,164,190,165,185,158,182,157,189,155,187,163,175,159,180
C2,187,168,194,170,200,163,201,173,196,170,193,177,190,195,170,201,174,199,174,207,172,195,173,203,174,163,207,180,205,184,218,196,228,208,246,238,275,272,329,345,425,452,562,647,824,968,1264,1492,1908,2284,2895,3502,4300,5114,5652,5725,5905,5919,6036,6052,6003,6130,6266,6049,5656,5658,5482,5484,5438,5446,5471,5380,5436,5452,5373,5476,5419,5463,5462,5383,5449,5352,5380,5342,5343,5306,5378,5290,5270,5237,5262,5239,5261,5193,5227,5160,5176,5090,5169,5151,5177,5126,5230,5178,5276,5204,5302,5340,5413,5454,5488,5391,5472,5390,5411,5349,5443,5372,5401,5379,5405
C3,185,163,188,170,192,164,197,170,191,173,195,173,185,187,169,196,172,199,171,202,168,191,166,197,170,158,197,174,200,177,213,190,216,195,231,221,267,258,311,320,398,419,519,595,744,885,1124,1332,1706,2070,2605,3162,3908,4680,5346,5593,5767,5779,5902,5864,5826,5960,6044,6053,5713,5518,5394,5323,5255,5322,5341,5210,5215,5200,5134,5161,5126,5154,5081,5041,5070,4944,4972,4884,4872,4823,4805,4672,4691,4577,4586,4483,4492,4435,4417,4323,4338,4267,4309,4249,4294,4272,4316,4320,4307,4247,4339,4302,4321,4287,4334,4267,4284,4225,4355,4237,4276,4205,4248,4227,4264
C4,180,166,190,167,194,163,199,169,191,171,194,176,194,191,166,199,173,201,173,202,170,196,173,204,173,159,202,175,201,184,219,189,221,202,241,233,269,265,320,334,414,441,548,629,795,951,1193,1439,1807,2193,2784,3345,4121,4940,5474,5644,5768,5805,5897,5864,5882,6024,6089,6029,5626,5512,5414,5365,5288,5438,5482,5251,5250,5235,5195,5217,5158,5220,5163,5065,5151,4997,5011,4892,4866,4820,4843,4737,4698,4614,4646,4540,4546,4542,4558,4424,4393,4394,4379,4353,4369,4271,4302,4340,4302,4253,4354,4305,4334,4350,4310,4241,4281,4287,4415,4290,4318,4316,4385,4315,4347
C5,183,163,185,165,195,166,198,170,193,171,191,173,192,191,171,203,176,199,173,212,185,211,194,230,211,197,234,211,236,212,242,213,242,218,245,228,255,232,255,241,281,263,304,296,341,340,398,403,473,504,608,658,794,914,1107,1314,1610,1909,2348,2804,3286,3548,3700,3709,3709,3812,3797,3854,3841,3923,4001,3993,3844,3740,3671,3727,3662,3665,3687,3627,3681,3615,3682,3635,3690,3661,3704,3658,3677,3672,3699,3648,3698,3642,3676,3621,3643,3609,3632,3599,3624,3587,3641,3601,3643,3592,3627,3571,3630,3605,3642,3595,3607,3576,3627,3573,3609,3584,3596,3576,3604
C6,188,169,190,168,196,170,202,172,194,173,195,173,195,199,173,205,176,206,182,215,188,216,201,231,204,192,236,209,233,209,239,211,237,212,249,220,251,223,254,240,273,255,294,290,341,340,400,401,478,503,612,675,813,934,1138,1340,1639,1946,2400,2876,3368,3623,3788,3775,3818,3913,3884,3962,3947,4000,4073,4043,3937,3822,3767,3823,3723,3790,3785,3718,3755,3737,3762,3715,3760,3731,3776,3742,3780,3751,3794,3731,3788,3725,3762,3703,3740,3671,3730,3668,3707,3656,3707,3687,3730,3684,3715,3674,3712,3681,3693,3658,3714,3671,3697,3666,3718,3667,3693,3675,3687
C7,187,165,191,168,195,168,198,170,195,171,197,172,192,194,176,201,174,205,179,211,191,214,200,236,210,191,234,209,234,212,240,210,240,213,243,222,252,226,257,240,280,262,298,290,340,342,401,412,491,523,626,692,835,967,1188,1394,1718,2032,2506,2963,3423,3636,3766,3789,3785,3898,3865,3936,3937,4009,4061,3971,3838,3817,3726,3790,3711,3744,3754,3699,3744,3688,3745,3706,3765,3712,3768,3708,3753,3716,3766,3740,3762,3704,3725,3663,3722,3663,3721,3654,3691,3641,3711,3633,3691,3635,3710,3646,3683,3661,3690,3641,3698,3639,3687,3650,3680,3630,3663,3655,3671
C8,187,169,194,170,200,171,199,173,199,175,197,177,195,199,176,202,183,212,188,220,200,229,213,250,224,208,247,224,246,226,258,229,258,236,263,241,273,253,287,274,312,298,349,349,410,419,491,518,617,671,813,913,1114,1301,1601,1898,2338,2786,3372,3576,3691,3801,3862,3868,3824,3930,3911,4010,4007,4109,3950,3812,3810,3810,3734,3783,3730,3761,3758,3725,3763,3683,3748,3723,3758,3749,3769,3737,3771,3727,3785,3710,3760,3711,3742,3680,3728,3685,3736,3665,3700,3659,3703,3685,3721,3673,3712,3664,3695,3690,3691,3674,3710,3665,3711,3654,3708,3659,3706,3667,3677
C9,169,147,175,149,182,151,180,153,179,157,178,157,177,178,156,186,155,183,155,185,156,180,158,185,156,140,181,159,179,156,184,155,183,158,182,157,181,157,183,165,192,162,186,167,201,177,214,192,232,224,269,267,323,351,446,514,633,688,857,996,1227,1575,2043,2532,3166,3911,4119,4281,4333,4422,4505,4487,4579,4620,4608,4715,4515,4320,4212,4125,4142,4093,4155,4115,4162,4118,4227,4176,4212,4178,4234,4177,4236,4166,4189,4125,4172,4113,4148,4074,4130,4051,4088,4056,4078,4020,4037,3998,4023,3966,3997,3953,3982,3913,3963,3900,3933,3882,3918,3868,3890
C10,169,149,172,153,178,151,177,153,175,155,178,156,176,179,155,183,154,178,155,187,158,182,156,186,161,146,189,168,195,177,210,192,231,220,264,261,321,334,411,455,575,663,855,1029,1273,1538,1992,2457,3130,3765,4151,4110,3955,3814,3766,3672,3677,3620,3610,3535,3495,3509,3553,3461,3424,3517,3437,3464,3432,3446,3430,3405,3444,3431,3409,3475,3425,3451,3446,3426,3363,3435,3491,3452,3313,3282,3335,3288,3314,3494,3534,3514,3307,3241,3278,3249,3273,3250,3277,3217,3295,3222,3297,3245,3286,3238,3297,3250,3314,3283,3312,3288,3342,3315,3350,3326,3376,3350,3413,3374,3433
C11,187,170,196,172,203,169,201,176,194,174,196,179,199,201,181,208,185,216,198,232,218,261,257,317,329,364,469,532,673,792,1011,1220,1590,1955,2517,3115,3854,4170,4402,4449,4559,4551,4617,4613,4699,4689,4782,4548,4418,4325,4374,4265,4290,4230,4272,4240,4273,4223,4237,4180,4141,4207,4260,4170,4159,4245,4178,4204,4172,4220,4200,4170,4180,4194,4122,4166,4123,4155,4133,4085,4134,4074,4129,4068,4075,4044,4087,4041,4067,4038,4061,4008,4025,3982,3995,3952,3994,3941,3976,3921,3940,3906,3973,3901,3960,3908,3939,3922,3922,3888,3928,3892,3938,3854,3916,3861,3907,3881,3898,3868,3892
C12,170,149,171,149,172,147,178,146,170,150,172,149,168,167,148,167,145,171,141,170,144,160,141,166,140,130,163,144,165,143,171,143,163,142,169,144,166,145,165,146,173,142,167,148,172,146,170,144,173,147,176,147,166,146,170,148,173,147,175,148,131,149,174,147,135,183,152,177,155,179,176,156,178,179,155,183,158,184,183,152,186,154,186,158,188,160,185,160,188,160,191,163,188,162,189,162,189,160,187,162,188,156,189,162,191,159,188,163,191,161,190,166,193,167,188,164,192,166,186,165,184
D1,173,151,173,151,179,149,181,150,172,154,176,153,172,169,151,177,149,177,155,176,153,172,150,176,150,136,179,149,171,151,178,155,178,148,182,157,183,152,176,155,178,151,178,154,181,153,185,153,185,160,185,155,184,162,185,161,181,155,185,157,140,157,188,157,138,190,158,187,163,183,185,159,185,182,160,194,163,192,188,159,190,163,193,160,185,164,192,161,191,163,196,164,191,166,193,164,195,166,190,167,191,165,192,164,197,165,187,163,194,162,194,161,191,164,188,166,195,163,189,163,186
D2,178,158,180,155,188,155,188,155,185,162,180,160,183,184,162,191,165,190,162,188,159,186,160,189,163,144,187,160,182,161,192,159,188,163,189,160,185,159,186,165,194,166,188,167,200,178,208,184,220,200,239,234,278,277,337,367,475,586,748,842,908,1097,1393,1712,2147,2795,3461,4025,4187,4316,4399,4392,4478,4499,4497,4558,4557,4650,4506,4260,4183,4125,4143,4060,4101,4086,4128,4064,4130,4079,4137,4085,4125,4061,4128,4067,4127,4051,4097,4032,4064,4034,4084,4032,4050,4005,4036,3982,4018,3986,4006,3948,3997,3943,3961,3937,3980,3948,3936,3906,3931
D3,178,154,179,157,186,154,181,157,182,159,181,162,181,183,161,187,160,189,157,190,158,181,163,190,161,144,183,161,183,161,185,160,185,160,185,164,185,160,190,163,195,162,188,167,191,169,198,170,204,182,217,197,230,224,266,265,314,335,410,480,593,751,853,949,1138,1486,1832,2361,2931,3719,4131,4240,4397,4474,4469,4536,4563,4641,4669,4663,4735,4433,4316,4234,4204,4180,4221,4155,4190,4190,4233,4199,4234,4193,4260,4199,4246,4179,4205,4168,4200,4170,4225,4161,4195,4124,4175,4149,4145,4117,4153,4076,4112,4037,4099,4063,4090,4039,4032,3987,4015
D4,193,177,203,176,207,176,208,177,200,179,200,183,207,201,184,209,186,214,190,219,196,226,212,251,236,240,306,317,386,423,522,585,753,918,1181,1439,1812,2214,2866,3435,4027,4157,4275,4266,4382,4322,4374,4364,4439,4437,4510,4246,4118,4046,4032,3962,3988,3936,3951,3939,3871,3903,3949,3907,3822,3902,3843,3831,3781,3786,3796,3669,3657,3613,3538,3586,3507,3536,3461,3413,3456,3332,3348,3280,3284,3243,3248,3142,3177,3118,3132,3046,3045,3044,3061,2973,2995,2935,2960,2927,2958,2894,2919,2910,2936,2880,2936,2894,2931,2900,2939,2879,2918,2878,2952,2883,2935,2878,2905,2869,2926
D5,197,178,196,177,208,177,207,179,205,181,205,180,208,208,186,214,187,215,195,222,198,232,214,258,241,246,319,333,398,432,542,623,792,933,1234,1506,1900,2354,2911,3542,3901,3883,3780,3649,3625,3542,3525,3462,3503,3464,3476,3431,3457,3424,3447,3398,3438,3369,3390,3333,3306,3323,3371,3290,3286,3331,3293,3326,3267,3306,3296,3253,3280,3281,3234,3278,3222,3252,3243,3198,3242,3197,3232,3189,3215,3201,3242,3200,3243,3201,3248,3188,3223,3177,3218,3169,3211,3152,3204,3168,3197,3174,3208,3198,3207,3168,3237,3199,3240,3191,3243,3189,3240,3195,3232,3222,3293,3209,3259,3204,3247
D6,194,175,199,175,202,176,209,176,201,180,200,180,201,202,180,210,185,213,188,222,196,227,217,252,243,250,321,332,405,447,557,648,812,978,1314,1580,2017,2473,3107,3767,4241,4333,4434,4455,4493,4448,4504,4453,4568,4543,4636,4378,4300,4237,4229,4156,4178,4082,4110,4062,4033,4143,4080,4018,3980,4117,4247,4044,4052,4360,4317,4016,4012,4044,3966,3994,3970,3983,3992,3906,4056,3923,3923,3905,3902,3903,3974,3875,3856,3794,3868,3770,3826,3928,3999,3810,3787,3871,3750,3823,3834,3724,3752,3840,3787,3731,3845,3798,3816,3842,3764,3709,3766,3770,3901,3773,3760,3753,3811,3748,3788
D7,186,167,189,173,195,167,199,169,194,175,195,175,195,196,178,202,177,208,185,214,192,220,206,240,235,238,307,316,390,426,540,615,787,934,1196,1488,1916,2362,3002,3707,4238,4367,4521,4527,4649,4638,4732,4734,4819,4805,4747,4489,4423,4379,4378,4317,4363,4301,4338,4262,4218,4304,4307,4288,4250,4358,4291,4325,4274,4337,4349,4288,4336,4335,4265,4324,4284,4308,4298,4224,4265,4217,4254,4203,4189,4155,4208,4130,4180,4131,4161,4094,4148,4069,4081,4047,4063,3992,4028,4002,4037,3968,4006,3978,4038,3969,4015,3957,3990,3963,3981,3938,4007,3924,3982,3927,4001,3937,3982,3914,3944
D8,185,162,188,164,191,163,193,166,191,170,193,169,194,193,168,196,173,197,172,206,180,208,193,228,206,203,263,258,314,331,405,437,548,625,797,962,1226,1523,1928,2363,3025,3696,4219,4404,4563,4555,4627,4597,4660,4689,4785,4784,4706,4551,4497,4392,4427,4327,4369,4307,4271,4316,4307,4262,4252,4292,4303,4287,4286,4445,4447,4240,4268,4298,4204,4210,4191,4226,4174,4081,4213,4081,4126,4044,4066,4065,4132,4040,4028,3982,4044,3920,3972,4058,4198,3975,3945,4075,3984,3949,3977,3895,3948,3984,3977,3899,3991,3918,3987,3971,3960,3888,3941,3939,4021,3927,3934,3917,3945,3889,3954
D9,177,158,182,159,187,158,189,161,181,162,185,161,182,188,169,191,169,197,172,203,182,207,195,230,215,223,289,291,352,386,477,544,670,808,1028,1272,1608,1994,2531,3116,3898,4164,4359,4391,4511,4514,4572,4561,4652,4694,4723,4510,4374,4274,4282,4222,4248,4206,4226,4147,4127,4185,4205,4172,4136,4234,4176,4219,4152,4203,4231,4169,4204,4198,4135,4184,4127,4133,4155,4085,4113,4055,4083,4038,4060,4026,4044,4005,4038,3965,4013,3952,3983,3929,3941,3892,3928,3863,3906,3852,3877,3832,3887,3841,3894,3822,3889,3820,3872,3814,3864,3806,3834,3813,3842,3816,3835,3808,3822,3788,3830
D10,179,158,181,157,187,156,185,159,181,162,183,164,187,184,164,194,166,194,172,208,188,216,207,248,238,256,328,342,430,480,606,703,886,1072,1399,1702,2170,2701,3411,3948,4259,4308,4437,4466,4540,4522,4598,4610,4677,4564,4452,4277,4253,4229,4213,4150,4212,4137,4170,4103,4090,4142,4209,4133,4107,4200,4123,4164,4134,4186,4168,4135,4165,4157,4090,4130,4072,4125,4086,4031,4076,3989,4054,3976,4013,3973,4014,3944,4001,3935,3976,3911,3954,3904,3930,3869,3898,3849,3883,3844,3851,3832,3866,3810,3854,3800,3858,3800,3832,3792,3819,3778,3845,3783,3826,3786,3827,3788,3815,3787,3807
D11,180,161,181,159,187,158,187,162,183,163,186,165,192,189,169,196,175,203,182,223,207,236,237,290,296,320,422,467,579,687,875,1064,1349,1653,2123,2605,3299,3963,4332,4416,4532,4468,4512,4417,4409,4306,4369,4346,4393,4411,4380,4266,4227,4193,4213,4144,4169,4090,4095,4077,4013,4046,4098,4037,3979,4065,4001,4062,4001,4046,4034,3979,4025,4007,3973,4004,3957,4017,4003,3952,3980,3926,3986,3969,3985,3951,4005,3930,4010,3931,4007,3936,3980,3921,3976,3888,3936,3900,3968,3869,3953,3873,3932,3871,3956,3875,3909,3885,3936,3861,3917,3876,3919,3882,3909,3867,3912,3872,3921,3872,3910
D12,163,149,171,146,174,146,175,148,165,147,167,148,167,168,146,168,145,170,141,168,141,162,140,167,143,127,167,142,164,142,170,143,162,141,167,144,168,142,163,138,170,143,165,143,172,145,165,144,169,143,171,145,166,145,166,144,171,144,171,147,130,149,174,147,134,183,148,177,151,177,177,154,177,171,150,183,156,182,181,156,183,154,186,158,181,159,180,155,187,157,191,161,184,158,188,156,186,156,189,159,188,155,183,157,190,163,181,158,188,160,188,162,193,161,193,166,195,163,183,157,181
E1,169,149,173,148,175,148,174,147,172,148,174,152,168,169,153,175,148,178,150,174,150,172,149,175,148,135,173,149,172,148,179,149,172,147,173,150,172,151,172,151,180,148,177,157,180,158,185,150,182,156,184,158,181,156,180,155,181,160,185,153,137,152,180,156,139,193,157,185,159,183,182,162,185,184,155,190,158,186,189,159,192,159,189,161,189,161,198,161,190,158,190,162,190,163,195,164,193,164,189,159,190,164,184,156,191,161,188,161,191,162,191,162,194,165,191,163,197,164,189,161,187
E2,185,165,193,166,194,167,194,167,191,170,192,169,188,191,170,196,172,200,176,204,179,202,184,217,197,193,246,239,288,288,359,373,466,516,646,761,1049,1240,1536,1854,2324,2885,3652,4114,4385,4397,4443,4459,4537,4537,4604,4586,4705,4581,4492,4298,4282,4176,4187,4103,4079,4135,4194,4140,4134,4233,4196,4239,4200,4251,4262,4224,4253,4262,4200,4274,4207,4276,4268,4239,4269,4208,4260,4219,4239,4225,4244,4182,4236,4199,4212,4151,4174,4116,4135,4062,4121,4074,4119,4039,4073,4025,4049,4038,4078,3986,4031,3977,4042,3999,4050,3941,4014,3917,4019,3941,3975,3936,3979,3938,3951
E3,193,173,199,175,201,174,203,173,202,175,204,180,203,204,179,206,179,207,178,214,178,202,182,209,179,160,206,177,201,181,206,180,208,178,206,181,206,177,201,180,209,180,203,177,206,182,212,180,212,184,217,184,210,190,218,200,221,207,241,219,208,247,290,292,312,400,418,507,559,698,826,976,1221,1492,1810,2272,2741,3376,3684,3804,3934,3949,4068,4093,4181,4220,4364,4354,4411,4154,4046,3945,3957,3914,3938,3880,3952,3917,3997,3906,3993,3956,4013,4010,4022,4016,4059,4036,4073,4046,4055,4032,4076,3998,4026,3974,4022,3973,3993,3922,3955
E4,192,171,199,171,199,174,202,174,200,173,202,176,202,200,179,209,182,206,182,212,178,203,177,205,179,161,207,178,200,182,207,179,208,175,201,178,205,177,205,180,209,179,201,179,210,183,209,181,212,187,217,189,215,199,226,207,235,222,258,246,246,290,353,366,399,505,548,678,787,982,1205,1449,1826,2230,2697,3375,3598,3806,3915,3924,4064,4017,4119,4138,4219,4293,4271,4013,3932,3856,3892,3825,3892,3839,3889,3820,3903,3885,3938,3893,3945,3891,3919,3945,3958,3947,3988,3957,3998,3936,3977,3912,3943,3901,3934,3854,3918,3895,3917,3843,3851
E5,187,168,190,173,197,174,199,173,197,175,197,173,196,197,176,203,177,204,173,206,176,196,177,206,177,159,203,176,199,180,204,177,205,176,200,177,204,175,197,179,205,180,199,179,205,179,211,179,206,183,210,187,215,193,219,199,225,210,250,235,230,272,316,317,343,445,469,565,643,786,952,1138,1411,1686,2014,2465,2938,3333,3545,3550,3709,3938,3917,4001,4217,4199,4276,4271,4067,3904,4012,3966,4203,3846,3863,4143,4053,4348,3881,3872,3908,3846,3962,3987,4084,3921,3883,3918,4075,3843,3798,3828,3995,3785,3796,3944,4190,3994,4092,4096,3865
E6,186,168,192,169,196,166,197,169,194,172,196,169,193,194,171,199,175,200,175,206,174,194,175,200,176,160,204,175,196,176,199,174,201,173,200,175,199,175,197,177,206,173,201,178,207,179,205,179,211,187,214,190,223,202,233,222,252,247,285,283,301,400,425,465,524,681,771,966,1151,1435,1765,2169,2714,3299,3696,3949,4012,4096,4167,4164,4267,4289,4437,4474,4445,4215,4109,4024,4090,4070,4101,4022,4105,4100,4152,4078,4159,4055,4157,4049,4158,4122,4136,4196,4200,4120,4169,4199,4192,4173,4133,4164,4134,4118,4210,4008,4022,3989,3999,3853,3922
E7,190,168,194,170,197,169,201,168,196,170,193,173,194,192,173,204,174,206,178,213,184,209,192,231,209,205,267,260,315,331,405,436,553,631,810,962,1214,1513,1923,2389,3029,3727,4208,4381,4526,4557,4641,4637,4729,4726,4837,4860,4762,4505,4453,4346,4380,4328,4331,4271,4227,4268,4291,4255,4188,4270,4206,4209,4177,4260,4256,4146,4146,4121,4069,4111,4034,4076,4019,3941,3992,3927,3920,3869,3886,3864,3888,3824,3854,3784,3799,3719,3761,3727,3784,3663,3675,3666,3678,3657,3671,3592,3642,3646,3634,3612,3663,3628,3669,3637,3642,3595,3667,3597,3727,3638,3644,3625,3661,3605,3659
E8,171,153,176,153,183,154,183,158,180,158,178,157,181,180,158,185,157,183,160,190,161,185,167,197,179,167,213,200,232,231,279,286,351,371,463,520,662,792,1013,1212,1557,1902,2455,2992,3760,4183,4393,4489,4595,4595,4692,4690,4746,4792,4838,4623,4473,4337,4311,4242,4190,4247,4278,4227,4186,4264,4202,4199,4171,4234,4260,4141,4125,4115,4035,4060,4013,4060,4003,3911,3958,3864,3887,3846,3840,3828,3830,3803,3836,3746,3752,3708,3732,3745,3788,3662,3690,3679,3676,3667,3659,3595,3641,3673,3664,3634,3674,3660,3684,3692,3676,3618,3662,3623,3746,3620,3655,3639,3692,3643,3649
E9,188,165,189,169,193,165,199,174,192,169,193,173,194,197,173,202,177,207,185,218,192,224,212,252,244,252,326,338,413,464,585,672,853,1014,1309,1611,2041,2551,3186,3853,4292,4395,4529,4545,4646,4631,4711,4723,4815,4787,4623,4401,4391,4337,4331,4258,4316,4247,4261,4220,4171,4229,4264,4235,4194,4295,4244,4299,4239,4300,4317,4258,4250,4253,4183,4220,4180,4190,4186,4120,4171,4099,4159,4093,4113,4084,4099,4056,4095,4048,4066,4009,4050,3983,4016,3960,3995,3963,3958,3912,3935,3906,3960,3910,3960,3915,3953,3895,3925,3896,3948,3893,3930,3879,3912,3861,3903,3859,3906,3866,3901
E10,183,164,191,164,195,165,192,172,190,168,195,173,192,195,173,203,179,212,188,222,199,235,227,278,275,293,383,416,515,588,746,864,1131,1342,1710,2110,2703,3346,4049,4306,4553,4529,4634,4669,4756,4774,4861,4869,4836,4605,4531,4400,4438,4321,4379,4335,4379,4304,4329,4280,4256,4324,4341,4294,4259,4354,4305,4345,4280,4340,4323,4293,4324,4332,4247,4285,4219,4260,4244,4186,4231,4154,4186,4143,4123,4130,4151,4099,4155,4079,4131,4068,4115,4027,4046,4016,4039,4000,4029,3962,3979,3958,3976,3965,3995,3931,3963,3952,3990,3951,3982,3900,3944,3916,3978,3932,3973,3947,3955,3917,3960
E11,181,161,182,164,188,165,193,164,188,167,189,172,190,193,176,200,179,214,195,231,220,258,257,317,329,361,473,535,673,797,1022,1243,1562,1921,2456,3024,3801,4267,4528,4583,4729,4731,4841,4869,4957,4945,4993,4739,4583,4456,4478,4415,4435,4364,4385,4348,4383,4329,4344,4327,4264,4344,4397,4330,4287,4380,4346,4358,4294,4360,4355,4297,4334,4312,4275,4295,4248,4290,4267,4196,4235,4158,4218,4159,4173,4144,4186,4122,4157,4098,4169,4088,4125,4078,4110,4018,4094,4032,4065,4025,4048,3987,4057,4014,4063,3990,4033,4002,4013,3996,4013,3986,4041,3983,4047,3973,4012,3983,4031,4004,4015
E12,662,644,658,649,665,645,669,648,664,654,660,654,665,672,647,668,649,670,654,672,650,661,650,663,649,635,666,654,666,652,669,656,663,654,663,655,664,646,665,645,670,652,670,649,662,651,672,651,664,642,663,646,659,642,652,634,652,631,651,627,619,626,653,627,615,649,624,640,625,648,643,622,641,635,624,643,617,634,636,613,635,616,631,610,626,612,625,608,633,604,626,608,624,606,622,599,616,594,612,591,608,582,607,584,602,588,603,585,606,572,598,575,606,578,598,570,591,566,584,563,582
F1,172,154,176,152,181,151,175,154,177,150,175,155,173,176,152,179,150,179,150,180,151,177,152,176,152,137,177,152,179,155,184,152,180,154,184,156,185,150,183,158,187,155,176,163,190,154,187,153,190,159,183,156,178,160,183,160,185,159,182,161,136,155,187,156,140,193,156,183,160,191,182,166,187,185,162,197,163,192,193,162,194,161,197,165,194,165,199,165,196,166,194,166,197,169,195,170,198,166,194,164,192,165,193,167,202,166,189,173,200,167,198,167,204,169,199,169,200,170,195,169,193
F2,200,181,204,182,211,178,217,185,208,182,209,189,210,210,188,215,189,221,196,222,199,224,210,244,224,220,284,277,334,355,436,474,597,684,895,1097,1389,1639,2091,2575,3260,3910,4203,4294,4409,4388,4478,4439,4494,4501,4606,4591,4464,4276,4222,4125,4154,4071,4093,4048,3972,4041,4073,4044,4027,4109,4066,4121,4071,4151,4153,4104,4172,4176,4144,4217,4188,4255,4233,4202,4226,4161,4239,4198,4209,4173,4225,4159,4213,4156,4202,4133,4158,4092,4116,4082,4102,4038,4086,4015,4046,3997,4056,4010,4042,4004,4025,3998,4026,3991,4015,3951,4016,3937,3983,3961,3982,3930,3979,3914,3970
F3,205,181,204,180,208,180,212,183,207,181,210,189,211,211,188,218,192,222,193,223,196,228,211,238,223,220,281,273,332,344,427,462,574,658,854,1045,1311,1560,1972,2427,3057,3773,4209,4328,4472,4485,4512,4499,4562,4533,4640,4650,4574,4398,4303,4162,4189,4086,4070,4031,3961,4043,4081,4012,3997,4086,4026,4066,4014,4046,4023,3953,3973,3950,3892,3921,3848,3880,3856,3794,3829,3758,3792,3737,3765,3684,3722,3661,3698,3640,3644,3578,3611,3537,3536,3473,3498,3436,3456,3403,3441,3358,3403,3358,3409,3327,3367,3348,3360,3312,3342,3291,3342,3279,3327,3281,3334,3273,3319,3276,3293
F4,196,173,200,177,206,173,207,176,200,178,204,185,203,203,182,209,182,212,189,221,191,217,198,235,220,215,271,269,319,337,419,453,564,658,835,1025,1312,1588,2005,2436,3115,3775,4197,4297,4429,4391,4499,4454,4547,4511,4609,4566,4520,4310,4228,4120,4120,4050,4043,3987,3904,3965,3994,3940,3912,3984,3933,3973,3887,3922,3907,3822,3806,3790,3711,3760,3695,3738,3706,3643,3682,3591,3608,3561,3556,3518,3546,3492,3501,3422,3437,3348,3383,3337,3352,3284,3298,3231,3252,3206,3214,3154,3189,3156,3190,3152,3179,3127,3165,3117,3155,3117,3150,3091,3154,3104,3123,3107,3130,3094,3113
F5,195,174,198,172,202,172,203,175,196,179,199,184,204,204,180,206,182,211,182,214,193,218,202,235,220,218,270,275,332,348,427,469,598,687,879,1077,1369,1684,2123,2647,3328,3993,4306,4391,4503,4452,4550,4536,4595,4556,4669,4638,4458,4262,4177,4126,4119,4030,4026,3955,3908,3948,3948,3873,3812,3898,3850,3838,3759,3776,3759,3705,3657,3608,3576,3575,3522,3527,3528,3457,3509,3414,3420,3341,3360,3301,3335,3269,3262,3210,3228,3162,3181,3127,3157,3106,3093,3049,3071,3026,3066,2986,3070,3025,3032,2992,3037,3007,3060,3025,3027,2963,3023,2989,3078,3003,3024,3008,3032,3001,3038
F6,185,162,187,161,192,162,195,167,190,169,184,171,190,194,171,195,171,199,172,205,178,201,178,210,184,176,226,206,241,232,284,279,341,351,439,483,605,702,893,1075,1423,1693,2153,2674,3362,4022,4345,4459,4572,4553,4674,4651,4705,4702,4817,4735,4529,4336,4304,4199,4116,4140,4149,4088,4027,4126,4053,4085,4027,4062,4069,3948,3946,3942,3858,3871,3814,3844,3814,3739,3752,3666,3702,3594,3619,3540,3613,3524,3544,3495,3487,3424,3442,3410,3428,3373,3359,3312,3330,3287,3332,3273,3325,3287,3309,3267,3308,3271,3305,3272,3300,3262,3316,3259,3321,3266,3314,3278,3337,3286,3311
F7,183,162,184,162,189,161,194,163,184,162,190,172,187,190,166,191,168,197,170,201,173,195,176,208,187,178,225,211,247,245,294,292,361,394,484,545,695,811,1040,1270,1623,2004,2570,3106,3888,4269,4484,4524,4614,4581,4693,4671,4729,4757,4816,4526,4436,4313,4243,4140,4082,4161,4145,4070,4004,4114,4042,4006,3935,4017,4002,3898,3856,3838,3722,3753,3678,3709,3654,3593,3627,3537,3555,3469,3450,3426,3463,3408,3393,3350,3377,3300,3343,3314,3365,3295,3312,3267,3287,3250,3260,3221,3286,3272,3267,3230,3277,3277,3271,3260,3293,3235,3273,3248,3328,3261,3293,3262,3327,3275,3315
F8,175,158,185,159,191,159,191,166,187,166,188,167,191,191,169,194,169,196,173,203,171,201,180,214,192,187,243,229,272,273,336,349,438,475,603,700,888,1089,1369,1676,2136,2662,3323,4056,4421,4500,4624,4619,4717,4721,4823,4810,4868,4771,4616,4416,4430,4307,4318,4247,4146,4206,4233,4173,4089,4181,4170,4137,4088,4194,4213,4066,4033,4048,3945,3991,3906,3933,3891,3844,3890,3793,3826,3739,3737,3689,3723,3662,3672,3627,3666,3561,3615,3577,3629,3530,3541,3522,3502,3502,3548,3467,3505,3534,3536,3497,3546,3524,3537,3562,3544,3494,3559,3533,3690,3585,3571,3565,3606,3555,3601
F9,191,171,195,169,198,169,203,174,197,174,200,178,196,201,179,208,182,208,189,220,197,235,216,264,260,269,350,375,456,510,646,745,951,1167,1508,1836,2340,2918,3638,4089,4374,4454,4552,4565,4664,4637,4733,4739,4810,4682,4547,4383,4360,4301,4329,4275,4303,4214,4272,4228,4158,4239,4259,4238,4193,4290,4258,4282,4212,4286,4285,4251,4270,4254,4214,4260,4204,4226,4226,4141,4180,4130,4173,4086,4138,4076,4146,4050,4140,4067,4098,4046,4059,4014,4037,4000,4032,3963,3984,3934,3972,3927,3997,3933,3991,3941,3961,3922,3980,3927,3940,3896,3957,3886,3943,3895,3945,3904,3930,3899,3924
F10,186,167,191,167,194,161,197,169,193,174,193,172,193,195,171,201,173,198,176,200,173,196,173,204,173,160,197,174,198,174,201,169,202,170,201,177,198,172,198,175,204,174,200,182,210,181,214,182,219,188,221,201,232,219,246,232,267,260,311,304,305,326,354,329,315,365,332,357,333,359,360,341,365,357,336,371,346,371,363,339,371,342,372,350,367,344,372,347,370,344,375,346,372,346,376,349,373,350,380,352,378,358,390,368,411,388,427,420,470,465,529,533,628,658,779,865,1020,1155,1385,1627,2024
F11,180,155,186,161,190,161,193,162,186,166,190,166,192,193,173,199,182,212,195,232,217,256,264,318,328,360,480,539,675,801,1035,1247,1555,1936,2469,3057,3838,4283,4560,4627,4750,4772,4848,4884,4982,4957,5018,4792,4665,4491,4544,4451,4439,4390,4412,4368,4409,4356,4389,4347,4308,4350,4388,4348,4310,4406,4366,4389,4371,4387,4377,4316,4353,4360,4287,4358,4287,4333,4293,4224,4302,4222,4272,4224,4244,4209,4257,4185,4231,4177,4224,4133,4180,4129,4166,4080,4151,4063,4104,4078,4088,4050,4111,4044,4114,4050,4093,4056,4101,4053,4074,4055,4094,4015,4077,4014,4071,4020,4050,4007,4058
F12,657,640,657,646,663,645,666,643,663,646,658,647,661,660,646,669,642,664,647,664,649,666,653,663,648,635,656,648,668,638,662,640,658,641,657,634,662,642,668,644,663,644,661,655,667,642,661,642,661,640,658,636,646,636,646,634,648,630,643,628,609,619,641,621,607,644,615,637,615,641,634,618,636,637,614,643,615,630,633,610,626,607,627,607,620,601,618,604,620,599,621,595,619,603,617,598,611,587,606,582,607,580,597,578,598,570,593,580,593,573,588,562,586,563,584,557,574,550,570,550,575
G1,178,153,178,160,185,155,188,153,177,155,179,160,179,180,154,181,156,184,156,185,156,181,154,178,156,139,177,152,173,152,179,150,178,151,179,152,185,152,178,151,181,152,184,154,179,156,182,156,186,157,188,155,181,159,189,158,183,157,180,157,138,155,186,161,145,198,156,191,158,194,191,164,185,189,159,197,164,194,185,162,198,160,203,170,197,163,200,169,197,171,203,167,198,166,204,171,192,169,197,166,194,163,190,162,204,170,196,166,200,165,195,172,201,170,201,178,207,175,193,174,199
G2,193,169,197,174,205,170,202,169,199,174,197,176,194,202,179,207,178,209,177,211,181,204,177,203,178,159,203,180,201,178,205,180,201,175,198,179,203,177,199,177,207,179,199,181,207,176,209,179,211,180,209,187,211,193,239,210,235,237,254,294,236,278,332,341,485,521,500,517,524,527,511,491,523,513,500,521,507,525,515,493,526,494,524,496,520,499,528,493,525,493,521,490,528,500,520,494,514,488,516,498,522,494,526,496,527,503,533,498,525,499,531,496,537,498,520,498,523,503,527,503,536
G3,195,174,197,177,201,172,206,180,202,175,201,177,198,203,178,209,180,212,181,213,181,202,180,208,180,160,207,181,208,182,210,181,209,182,210,182,205,180,205,184,210,178,202,181,209,184,214,179,212,182,219,198,223,199,249,230,254,226,260,250,247,291,443,362,384,489,457,495,474,503,500,483,513,511,485,525,500,525,519,487,522,497,524,491,517,496,521,498,522,494,518,499,528,497,526,494,522,493,522,496,522,485,520,492,523,488,537,511,537,486,524,501,521,514,525,497,518,491,525,518,517
G4,188,165,191,169,199,166,200,169,193,176,196,169,193,197,172,205,173,202,175,205,174,193,171,203,175,153,200,172,192,174,202,176,201,176,204,174,200,171,198,171,203,170,195,176,202,175,206,173,201,174,203,181,208,183,204,188,214,198,234,217,205,239,293,283,290,383,393,475,516,606,659,667,698,695,674,720,690,718,723,694,726,697,736,704,722,702,737,710,736,701,741,709,744,727,739,706,732,712,737,703,733,707,739,711,749,726,737,711,745,712,747,722,743,716,750,717,750,720,750,724,748
G5,190,175,194,174,201,169,205,175,197,171,200,177,195,197,179,207,182,211,185,221,197,227,206,251,242,247,319,322,393,431,544,614,776,923,1212,1476,1835,2238,2851,3529,4156,4334,4453,4464,4468,4367,4376,4295,4308,4269,4346,4307,4372,4371,4297,4181,4211,4159,4139,4064,4011,4033,4085,4026,3976,4060,4028,4040,4011,4040,4020,3970,4024,4023,3990,4032,3988,4028,4041,3966,4009,3968,4025,3972,4016,3989,4021,3970,4026,3980,4036,3962,3990,3962,3989,3941,3970,3927,3966,3920,3962,3903,3966,3920,3945,3915,3955,3932,3974,3911,3985,3912,3969,3897,3960,3888,3944,3929,3956,3883,3928
G6,195,169,198,170,202,171,198,174,194,174,203,176,202,200,178,211,181,211,191,225,197,232,217,261,248,257,337,346,428,467,595,691,862,1032,1363,1663,2070,2572,3230,3933,4359,4460,4573,4556,4650,4598,4666,4638,4725,4684,4769,4525,4486,4382,4370,4308,4328,4257,4247,4207,4136,4170,4210,4167,4162,4236,4168,4211,4125,4195,4176,4141,4181,4182,4141,4195,4171,4190,4164,4131,4163,4108,4178,4146,4174,4149,4181,4125,4152,4129,4157,4106,4143,4076,4140,4067,4081,4045,4063,4036,4071,4012,4079,4026,4080,4008,4060,3993,4052,3992,4067,3982,4034,3991,4041,3995,4044,3994,4029,3978,4014
G7,184,172,190,170,198,169,201,173,199,173,201,177,200,202,174,208,179,209,187,223,196,229,214,262,250,259,334,351,430,488,609,702,900,1082,1416,1719,2129,2668,3360,4015,4368,4459,4557,4536,4577,4537,4592,4559,4604,4573,4700,4496,4412,4342,4356,4273,4312,4218,4198,4161,4095,4145,4177,4122,4082,4163,4115,4131,4106,4125,4135,4103,4119,4126,4080,4147,4097,4128,4121,4091,4111,4055,4129,4086,4096,4071,4114,4077,4096,4069,4109,4054,4061,4040,4069,4004,4066,3984,4024,3975,4015,3983,4034,3978,4023,3983,4013,3976,4045,3946,4009,3960,4027,3952,3997,3948,4001,3967,3997,3946,3967
G8,187,169,195,166,197,165,202,172,195,174,201,175,194,195,176,206,179,213,188,221,200,232,220,263,261,275,352,371,458,513,652,755,967,1167,1503,1836,2327,2858,3619,4167,4494,4526,4653,4638,4730,4678,4755,4732,4815,4830,4709,4499,4447,4406,4399,4332,4356,4265,4282,4224,4192,4225,4267,4190,4175,4271,4184,4228,4186,4264,4236,4195,4192,4221,4160,4218,4194,4228,4197,4147,4178,4137,4185,4128,4173,4136,4194,4115,4171,4122,4183,4090,4131,4088,4128,4057,4108,4053,4081,4045,4098,4027,4080,4021,4066,4012,4071,4014,4077,3994,4049,3999,4035,3983,4007,3981,4039,3997,4012,3963,4004
G9,192,173,198,171,203,177,208,178,203,184,205,183,208,209,184,217,192,221,205,243,222,259,259,316,328,360,466,529,658,775,986,1211,1530,1897,2421,2997,3759,4171,4381,4473,4594,4585,4679,4707,4790,4777,4896,4669,4521,4417,4412,4347,4342,4300,4310,4264,4307,4256,4262,4232,4197,4240,4269,4228,4196,4283,4271,4284,4206,4266,4283,4251,4264,4266,4220,4262,4211,4239,4227,4159,4190,4140,4168,4122,4163,4109,4167,4098,4135,4085,4143,4082,4084,4039,4077,3993,4026,3997,4008,3962,3995,3941,4004,3974,4023,3961,4003,3951,4000,3950,3997,3934,3974,3961,3991,3921,3996,3933,3984,3919,3957
G10,190,177,202,172,201,176,209,178,203,178,207,185,200,207,191,218,199,231,212,254,243,283,292,356,380,426,560,639,801,954,1238,1539,1952,2394,3073,3752,4259,4409,4561,4611,4721,4688,4778,4819,4898,4878,4801,4556,4491,4382,4457,4354,4363,4299,4344,4305,4341,4273,4285,4261,4214,4270,4317,4250,4203,4312,4244,4286,4254,4285,4274,4255,4295,4265,4213,4274,4206,4235,4244,4198,4220,4182,4230,4184,4197,4159,4189,4119,4193,4147,4167,4101,4147,4086,4095,4030,4093,4031,4046,4008,4066,4023,4072,4019,4078,4001,4072,4024,4041,3985,4030,3958,4031,3991,4035,3954,4023,3982,4037,3967,4018
G11,186,168,192,165,199,165,196,172,194,168,196,177,194,199,183,212,190,226,207,253,244,288,296,366,393,442,579,672,855,1028,1320,1602,2049,2525,3202,3912,4381,4505,4667,4643,4747,4713,4738,4752,4819,4788,4745,4577,4542,4416,4438,4367,4361,4294,4346,4274,4304,4239,4273,4200,4135,4225,4255,4170,4146,4227,4189,4215,4182,4184,4187,4161,4197,4174,4135,4170,4147,4151,4173,4133,4155,4094,4158,4115,4144,4097,4156,4091,4130,4090,4126,4084,4122,4064,4066,3996,4045,3996,4023,3978,4050,3965,4011,3972,4014,3954,4011,3962,3985,3900,3975,3901,3968,3901,3926,3926,3940,3899,3904,3858,3863
G12,678,663,679,659,681,659,680,661,672,659,678,663,666,673,667,683,659,678,662,682,663,676,664,679,649,648,672,658,676,659,677,656,670,652,676,656,675,654,678,657,670,661,674,657,681,651,672,647,676,648,664,643,667,647,652,642,658,630,652,630,616,629,647,621,613,654,619,633,623,634,638,611,636,627,611,631,601,628,617,602,617,598,622,599,621,593,619,591,612,585,605,586,605,580,605,567,588,568,581,563,585,550,574,560,581,551,575,548,573,540,563,538,559,543,550,529,554,529,549,519,535
H1,169,149,172,149,178,146,172,145,177,152,174,152,173,176,149,177,156,183,150,180,154,174,155,180,157,139,185,157,183,160,186,158,186,156,184,157,193,159,188,163,194,159,189,164,188,165,192,160,192,158,196,162,186,163,188,166,185,155,186,163,141,162,185,162,144,195,160,186,162,186,190,163,188,182,156,194,164,188,186,161,193,156,189,163,181,160,186,151,185,153,183,156,179,153,180,151,178,151,177,154,179,152,172,154,180,155,178,157,185,156,185,158,183,153,187,156,190,162,185,160,179
H2,178,158,182,157,188,159,188,155,181,159,183,162,183,177,158,183,158,181,154,186,155,176,153,181,154,136,178,152,177,150,179,145,177,145,176,152,176,148,173,154,179,149,175,155,178,155,180,151,178,151,177,152,173,153,181,152,174,151,178,154,135,151,177,153,136,197,153,183,157,180,180,159,181,182,155,189,161,192,187,158,194,157,187,163,187,166,189,158,192,164,192,159,189,162,191,163,186,162,194,165,192,159,185,159,197,164,189,163,194,162,194,162,195,161,199,164,201,167,192,165,192
H3,180,156,181,158,184,155,184,159,183,156,183,160,177,181,157,183,162,185,159,184,155,179,155,181,153,137,172,154,175,154,180,152,176,148,178,152,174,147,170,151,175,144,171,151,177,150,176,151,174,151,175,148,172,151,174,150,168,142,174,147,129,154,174,150,133,185,151,172,153,175,174,154,171,174,149,183,152,182,176,154,182,149,188,157,182,159,183,150,183,158,180,157,191,157,192,158,187,157,188,162,191,159,180,156,189,159,188,164,191,158,187,168,193,161,192,163,193,169,186,165,188
H4,179,159,181,157,187,157,187,156,183,159,182,163,181,186,161,186,161,185,158,190,158,180,156,182,153,139,175,153,176,151,182,151,175,146,174,149,175,147,176,148,176,150,168,150,175,152,176,146,172,148,179,148,169,148,169,149,170,144,172,151,130,146,175,152,132,181,150,175,152,177,174,153,179,176,152,185,156,183,178,153,186,154,184,157,183,158,185,155,186,153,190,158,184,156,188,155,185,155,187,162,189,155,182,158,189,167,183,159,193,162,189,161,188,158,196,164,192,161,188,164,185
H5,175,154,179,155,185,154,184,158,180,155,180,157,174,176,157,182,155,183,153,183,153,177,153,173,145,133,170,149,167,147,171,143,173,144,167,145,168,143,165,146,172,144,167,145,175,148,174,146,169,144,174,146,167,149,169,145,170,143,172,145,130,147,172,146,130,182,150,175,152,175,169,151,169,170,149,181,153,180,178,152,182,153,181,155,183,157,182,153,180,155,179,155,182,158,178,156,178,156,182,154,177,152,185,152,181,153,177,158,186,159,181,157,185,160,187,160,191,162,184,158,183
H6,175,157,180,153,183,153,181,150,181,159,180,158,180,184,157,183,158,183,153,180,151,178,154,175,154,136,171,145,168,148,172,148,174,144,167,144,173,148,171,149,174,150,168,149,174,151,174,146,177,146,178,147,177,156,174,152,170,144,177,153,132,155,181,151,136,185,151,176,152,181,183,159,178,177,152,187,159,184,180,155,190,156,187,160,188,161,186,154,186,157,187,159,187,159,190,155,189,161,184,162,194,157,178,157,194,162,182,161,197,161,188,164,196,162,190,164,191,167,191,162,183
H7,168,150,177,153,179,151,178,151,174,157,178,159,177,175,153,179,152,178,147,179,150,170,149,172,147,131,165,148,168,145,169,140,170,141,168,148,170,148,166,144,172,147,169,150,176,149,175,146,176,148,180,151,178,152,172,152,174,149,177,155,132,149,178,152,138,185,151,176,153,181,181,156,182,179,154,185,161,187,182,155,187,160,187,159,186,158,183,158,192,157,195,160,192,158,187,158,183,159,191,163,190,157,186,157,188,159,186,163,189,163,191,159,195,164,192,165,193,166,186,166,190
H8,171,153,174,151,180,150,182,153,180,154,178,157,175,175,155,178,151,177,152,180,149,171,148,173,149,130,168,146,165,147,171,146,169,147,171,143,170,143,167,145,173,144,169,149,175,148,175,146,173,149,175,144,171,151,176,151,171,144,176,147,132,149,180,150,137,189,149,174,154,174,179,156,172,176,152,190,155,190,178,153,190,150,190,157,185,162,186,155,185,156,188,158,188,158,184,158,189,156,192,162,187,157,189,156,189,162,184,162,193,165,191,159,191,164,189,163,195,166,186,163,187
H9,170,150,172,148,181,148,178,151,172,150,175,149,172,174,149,175,148,173,146,176,145,168,150,175,148,129,172,144,168,144,174,145,174,140,169,149,172,148,174,148,174,148,168,145,176,146,176,148,176,147,180,152,173,152,172,151,174,148,180,153,136,153,179,150,138,186,155,179,153,178,181,157,181,183,157,189,155,190,181,155,188,159,190,159,186,159,186,160,183,163,187,160,193,163,193,156,189,161,188,165,196,156,185,159,196,166,187,167,188,164,193,161,193,163,190,165,194,166,191,162,189
H10,160,144,165,142,169,141,165,142,165,143,167,147,163,163,146,170,143,165,143,171,147,167,144,169,145,127,168,146,170,146,176,145,173,146,174,147,178,148,174,149,174,151,175,154,183,154,182,153,180,154,182,155,181,156,176,155,174,154,181,155,137,155,186,154,140,189,154,182,156,188,185,157,183,182,159,195,161,190,186,158,186,159,190,164,189,162,185,155,188,162,194,162,192,164,186,158,187,158,188,162,187,157,186,157,191,164,188,162,187,163,191,160,195,166,192,164,189,162,186,160,179
H11,165,141,164,141,167,143,170,140,164,144,165,145,163,166,142,166,143,168,140,168,145,164,146,166,143,128,165,144,167,150,173,144,172,145,172,146,173,148,170,153,178,149,175,155,181,151,177,150,183,150,177,154,177,156,175,150,176,150,180,156,135,155,180,156,143,190,154,180,158,188,183,161,181,182,156,194,163,190,184,157,194,160,194,163,186,164,185,158,191,156,191,162,186,162,187,157,185,162,187,160,187,154,185,158,183,160,180,154,183,148,180,154,174,150,178,155,177,150,175,150,173
H12,160,147,165,142,165,141,166,139,160,140,161,145,156,159,144,171,145,170,140,172,145,164,146,175,149,132,178,150,176,154,182,154,178,152,183,152,184,155,184,154,182,156,180,157,183,161,184,153,187,158,187,162,182,158,185,157,179,156,181,154,136,148,178,156,139,196,153,175,152,173,172,151,171,171,148,175,146,170,160,144,172,145,174,147,169,150,171,147,171,151,176,151,172,156,180,150,174,147,176,148,175,148,173,151,181,153,176,157,179,157,180,154,187,165,191,167,202,182,211,185,227