Cycle Nr.,1,2,3,4,5,6,7,8,9,10,11,12,13,14,15,16,17,18,19,20,21,22,23,24,25,26,27,28,29,30,31,32,33,34,35,36,37,38,39,40,41,42,43,44,45,46,47,48,49,50,51,52,53,54,55,56,57,58,59,60,61,62,63,64,65,66,67,68,69,70,71,72,73,74,75,76,77,78,79,80,81,82,83,84,85,86,87,88,89,90,91,92,93,94,95,96,97,98,99,100,101,102,103,104,105,106,107,108,109,110,111,112,113,114,115,116,117,118,119,120,121,122,123,124,125,126,127
Time [s],0,1366.9,2733.7,4101.3,5468,6834.7,8201.5,9568.3,10935.3,12302,13668.8,15035.6,16402.3,17769.1,19135.8,20502.5,21869.3,23236,24602.7,25969.5,27336.3,28703,30069.7,31436.5,32803.2,34169.9,35536.7,36903.4,38270.1,39636.9,41003.6,42370.4,43737.1,45103.9,46470.6,47837.4,49204.1,50570.9,51937.6,53304.4,54671.1,56037.8,57404.6,58771.4,60138.1,61504.9,62871.6,64238.4,65605.1,66971.9,68338.6,69705.3,71072.1,72438.8,73806,75172.7,76539.5,77906.2,79273,80639.8,82006.5,83373.3,84740,86106.8,87473.5,88840.2,90207.3,91576.2,92943,94309.7,95676.5,97043.2,98409.9,99776.7,101143.4,102510.2,103876.9,105243.6,106610.3,107977.1,109343.9,110710.7,112077.4,113444.1,114810.8,116177.6,117544.7,118911.4,120278.2,121644.9,123011.7,124378.4,125745.1,127111.9,128478.6,129845.4,131212.1,132578.8,133945.5,135312.3,136679,138045.8,139412.5,140779.2,142146,143512.7,144879.5,146246.2,147613,148979.7,150346.5,151713.2,153079.9,154446.7,155813.4,157180.2,158546.9,159913.8,161280.5,162647.3,164014.4,165381.6,166748.4,168115.1,169481.9,170848.6,172215.4
Temp. [°C],37.7,36.8,36.9,37.6,37.4,37.5,37.5,37.8,37.6,37,37.5,37.7,37,37.6,37.8,36.9,37.2,37.5,37.4,36.8,37.4,37.8,37.8,37.8,37.8,37.8,37.8,37.5,37.5,37.3,37.3,37.7,36.8,37.5,37.6,36.9,37.5,37.7,37.5,36.8,37,37.4,37.7,37.6,36.9,37.4,37.7,36.8,37.5,37.3,37.4,37.6,37.2,37.7,37,37.7,37,37.7,37.7,37.7,37.1,37.7,37.3,37.3,37.7,37.3,37.4,37.8,36.8,37.4,37.8,37,37.6,37.7,37,37.6,37.8,37.3,36.8,37.8,37.3,36.8,37.5,37.7,37.5,37.1,37.6,37.5,36.8,37.6,36.9,37.2,37.2,37.4,37.6,37.3,36.9,37.2,37.4,37.5,37.5,37.5,37.6,37.6,37.5,37.1,36.8,37.4,37.7,37.5,37.1,37.4,37.7,37,37.4,37.6,36.9,37.7,37.4,36.9,37.1,37.7,37.2,36.9,36.9,37.2,37.7
A1,180,163,185,160,183,155,181,175,161,181,177,150,177,181,151,181,153,183,179,154,190,160,188,164,190,166,189,166,195,161,200,165,193,172,198,166,193,165,195,170,190,169,193,165,200,168,197,167,192,172,191,165,193,165,182,159,189,160,189,158,180,157,183,158,178,158,145,144,182,157,187,157,181,158,184,158,184,160,182,155,183,162,188,161,181,158,185,162,185,167,201,176,212,190,220,197,245,215,283,261,334,300,379,325,401,311,363,300,361,300,364,291,360,301,368,298,371,313,379,316,388,310,362,311,376,305,366
A2,180,160,185,161,185,158,186,182,162,181,181,154,176,174,149,179,156,178,179,154,181,156,175,156,178,156,181,157,187,157,189,156,182,162,190,162,188,164,189,166,187,161,188,163,193,166,189,163,191,167,193,168,193,168,188,164,198,166,201,169,196,164,194,167,191,165,147,153,192,164,196,164,189,167,189,161,185,162,184,154,186,158,185,155,178,158,184,156,183,157,185,155,187,161,182,156,188,154,185,156,188,160,189,158,189,158,185,157,186,162,186,161,183,157,185,165,196,173,209,185,226,196,230,215,260,227,280
A3,183,161,189,164,189,155,189,185,164,185,183,156,180,177,152,178,154,178,177,149,176,154,170,152,177,154,174,153,180,151,178,155,176,157,180,159,181,160,185,161,181,159,185,160,195,163,189,160,188,166,191,168,192,167,189,164,197,165,199,168,188,163,191,169,193,166,151,150,193,163,200,168,190,163,197,167,188,166,195,167,195,164,197,166,185,164,187,163,189,159,186,161,185,161,179,156,181,155,182,156,181,162,186,156,185,157,186,157,184,163,186,159,186,158,188,160,186,157,191,163,192,156,178,160,185,159,182
A4,179,157,188,157,185,155,184,176,163,183,184,152,175,176,147,177,151,177,171,150,172,151,168,151,175,151,174,150,175,150,175,152,174,154,180,156,175,154,180,158,178,161,180,153,188,165,188,160,186,167,188,163,194,160,187,163,192,161,195,168,188,163,191,163,189,165,149,151,190,161,195,169,189,168,193,164,186,167,190,161,195,162,191,167,188,162,191,162,190,164,192,163,184,163,183,156,186,154,179,156,181,159,181,151,184,156,182,154,177,154,180,153,180,155,183,150,183,152,182,157,185,152,177,158,184,154,179
A5,178,159,187,160,185,160,187,179,162,183,184,156,180,182,153,180,153,173,171,146,173,148,169,150,173,150,170,147,170,146,170,147,167,149,178,152,172,153,178,151,175,154,181,153,184,158,179,157,181,158,185,157,186,158,186,159,191,161,192,164,188,163,189,161,190,160,147,148,186,160,195,163,192,158,189,164,191,166,188,160,191,163,192,164,189,165,190,164,190,164,191,163,187,166,186,161,193,160,185,164,190,161,190,159,188,157,185,157,185,158,181,155,181,153,180,153,178,155,176,157,187,156,175,158,180,151,174
A6,177,160,189,163,188,158,186,184,165,187,187,161,182,184,153,180,155,181,177,149,180,153,174,152,175,153,170,149,173,149,172,149,168,150,177,153,172,151,172,155,173,150,176,150,176,154,179,151,179,156,181,161,188,159,182,159,187,162,192,165,185,160,190,161,185,163,146,148,192,162,196,163,185,164,191,164,189,166,192,162,196,163,196,166,191,164,195,165,198,166,191,166,192,168,191,167,193,162,194,166,196,168,195,167,196,169,194,168,195,167,196,163,190,163,189,159,187,161,190,159,185,158,178,159,179,155,176
A7,168,151,177,151,179,148,177,171,153,176,172,150,172,169,146,169,146,172,168,145,170,149,162,147,169,148,169,145,170,147,176,149,173,148,176,150,176,151,176,156,174,154,173,151,181,155,180,156,178,158,186,156,183,158,179,158,185,160,192,164,184,160,186,162,184,160,141,143,185,160,192,162,190,160,188,165,187,165,191,159,194,160,190,166,190,163,193,166,193,162,194,169,196,166,189,166,192,162,193,163,190,167,191,166,194,167,194,166,190,168,193,162,193,167,188,161,193,165,192,168,194,161,183,163,187,157,182
A8,178,154,181,157,181,153,178,175,156,179,179,150,174,170,147,174,150,178,172,150,174,147,170,150,174,153,176,150,175,151,178,149,175,152,178,152,172,153,176,155,177,156,175,149,178,155,178,155,182,158,185,156,186,158,182,157,187,161,192,162,187,163,184,161,187,158,142,148,188,162,194,163,188,165,193,164,190,164,192,165,196,166,195,166,193,165,197,168,193,170,198,168,195,174,193,165,197,167,196,173,198,171,196,168,204,171,205,166,200,176,202,171,199,173,198,168,200,168,201,175,199,168,191,170,199,167,190
A9,175,161,189,160,183,159,184,180,163,187,187,157,183,183,156,181,155,182,175,153,175,154,172,155,177,152,173,149,173,149,175,151,168,150,173,148,170,146,169,147,168,148,170,147,172,146,173,148,173,152,176,151,179,151,169,150,175,153,182,151,176,149,177,153,175,151,140,141,180,152,185,152,178,153,184,155,180,158,181,157,186,160,187,159,186,159,189,161,187,160,190,163,192,164,186,161,193,161,189,166,195,165,192,165,197,163,198,167,196,171,197,165,199,163,196,165,196,166,196,168,200,161,190,166,196,165,186
A10,183,162,190,165,188,160,187,186,165,188,188,162,186,187,157,188,160,188,185,158,186,158,177,158,184,158,183,158,184,158,179,152,175,155,180,152,173,151,176,152,165,152,171,147,171,151,169,148,166,149,169,147,171,147,166,146,172,146,171,143,166,149,173,147,170,145,132,134,171,151,178,147,174,150,175,153,172,151,175,151,179,152,183,153,177,155,178,156,183,155,184,157,180,158,180,157,188,156,183,157,185,161,186,157,189,160,190,157,191,164,189,163,190,166,190,160,191,159,195,167,193,161,185,163,194,163,187
A11,170,153,178,150,171,148,175,174,158,176,173,149,172,169,147,173,148,177,174,148,171,152,172,151,174,152,172,153,178,148,176,149,172,152,177,151,174,153,171,152,170,151,174,150,180,152,183,155,177,158,182,156,180,151,180,155,187,158,188,160,179,159,183,159,182,155,143,144,183,155,195,161,183,161,193,162,188,163,189,160,190,162,195,166,187,163,196,165,194,165,198,164,190,170,192,168,193,165,192,163,193,170,191,167,199,167,197,171,198,170,196,167,196,168,194,163,193,164,194,172,199,164,189,165,195,162,188
A12,176,155,185,157,181,153,178,172,160,179,180,150,170,173,147,178,153,179,170,154,177,153,170,150,179,151,179,155,179,153,180,154,179,158,186,152,176,160,180,161,183,159,186,159,188,160,189,159,187,160,190,163,190,162,191,164,192,162,201,166,187,168,193,165,193,168,152,154,193,164,200,169,191,168,193,170,190,168,193,166,196,168,196,167,192,170,198,166,196,169,197,168,196,169,191,170,199,161,196,165,195,164,191,162,190,161,185,160,183,161,184,157,187,159,184,154,186,156,180,157,186,155,177,156,184,157,180
B1,191,169,196,169,193,165,198,183,166,187,185,157,183,179,156,183,152,179,177,157,178,155,173,153,179,155,180,153,180,158,188,161,180,156,186,160,182,159,186,165,185,160,185,163,188,168,192,166,190,166,193,169,198,168,189,167,196,167,197,168,197,168,196,167,194,168,152,153,193,164,203,165,192,167,194,164,192,165,193,166,195,165,196,165,188,169,188,166,191,165,189,157,183,160,180,157,188,160,184,157,185,162,183,159,187,159,186,162,190,162,187,162,187,162,187,159,185,161,186,160,189,156,184,161,186,156,182
B2,198,175,203,177,206,174,206,198,182,210,204,175,200,202,171,205,178,206,199,175,205,174,195,170,202,178,199,178,204,176,204,175,197,180,202,173,191,176,199,177,191,170,195,171,200,171,198,173,198,172,197,173,201,172,195,167,196,173,198,175,194,170,193,171,193,168,160,157,196,169,205,172,198,172,203,175,198,178,199,177,207,180,207,178,210,184,212,187,215,188,214,188,220,195,218,189,224,197,225,197,228,205,229,208,236,210,245,213,245,218,242,217,250,222,254,227,258,227,261,232,266,236,261,245,274,248,277
B3,193,168,195,170,200,170,201,200,177,202,196,166,197,197,167,199,170,197,195,169,203,172,195,170,202,178,194,174,201,175,197,174,195,173,201,176,192,173,197,174,194,171,199,168,200,170,199,175,194,176,205,177,201,172,196,174,201,176,204,173,196,171,196,174,192,169,153,155,193,170,197,171,191,172,194,174,199,172,197,168,197,170,199,175,198,178,202,174,202,179,201,175,201,178,197,178,204,178,204,178,202,183,207,184,213,187,214,186,209,192,212,188,213,191,219,190,221,194,220,199,229,196,221,199,230,199,227
B4,192,168,201,170,196,170,199,198,176,197,197,169,197,198,170,202,172,200,196,169,202,173,192,170,199,174,196,174,203,173,199,174,196,175,204,174,198,178,197,178,196,171,201,171,204,176,201,179,199,178,201,178,204,178,198,175,208,179,209,177,201,180,205,181,203,180,164,169,203,183,215,182,207,185,210,187,208,193,216,195,218,196,223,203,225,205,232,203,234,211,237,216,239,223,241,222,248,227,259,232,261,243,270,247,280,252,282,261,292,271,292,273,307,285,317,285,315,288,316,285,316,284,305,281,311,283,310
B5,193,174,199,174,197,165,196,196,176,198,194,171,193,200,170,200,170,198,198,170,198,174,188,173,202,174,201,175,197,173,201,173,201,173,203,174,197,173,199,175,195,176,196,174,205,175,204,175,203,180,204,178,206,178,201,178,206,179,207,183,199,181,203,181,202,180,165,169,211,183,218,188,211,187,212,190,209,192,213,194,219,197,227,200,227,203,231,208,235,213,238,216,238,219,242,222,252,222,253,230,260,239,267,245,275,253,284,253,287,265,294,274,304,281,313,294,314,291,312,282,316,286,302,284,309,284,305
B6,187,172,197,171,197,169,197,195,175,198,196,169,196,197,171,198,173,204,198,171,202,177,195,175,207,176,200,174,200,175,206,168,195,173,203,173,202,177,198,177,196,177,200,175,207,176,203,176,197,178,207,180,208,178,205,184,209,180,208,179,208,181,206,182,201,182,165,171,211,185,217,187,207,190,220,189,210,192,220,198,225,196,225,201,226,202,236,205,231,208,238,209,238,219,243,221,250,222,247,230,258,234,260,239,272,244,280,248,282,260,290,264,296,272,307,278,312,282,313,284,311,275,296,280,306,277,302
B7,196,169,198,175,197,167,203,194,175,198,203,172,197,199,170,200,173,204,197,171,203,176,195,172,199,174,200,177,199,176,200,170,195,176,199,173,195,173,198,176,194,174,194,168,202,174,200,170,196,170,200,174,200,174,199,174,204,174,207,173,198,173,196,170,199,174,156,156,198,174,200,173,201,174,202,174,199,176,199,177,210,184,206,184,208,187,213,188,210,192,219,196,218,198,221,198,232,202,234,213,249,223,255,234,268,242,277,258,292,273,315,299,335,315,364,348,392,380,435,431,479,472,521,536,589,603,679
B8,172,154,179,159,182,155,182,180,157,184,183,155,177,182,155,183,161,183,179,154,180,158,174,160,184,154,175,157,183,158,187,157,177,154,183,159,182,160,179,157,179,159,182,154,181,154,183,158,178,157,179,156,181,160,181,155,184,160,188,158,179,160,176,161,179,156,143,145,180,159,187,161,184,161,188,161,183,165,189,167,194,165,194,171,192,175,202,178,203,183,212,185,210,196,218,199,230,203,237,217,250,233,257,241,275,258,294,274,313,307,347,329,375,368,413,411,461,452,512,515,574,585,650,668,732,753,838
B9,168,150,174,155,174,152,176,175,153,179,176,154,173,175,149,176,153,176,175,153,179,156,172,154,179,153,175,153,181,155,181,150,172,152,180,155,174,156,174,153,174,153,177,151,181,153,177,157,176,155,178,154,181,157,179,155,182,157,188,158,179,161,186,158,181,161,145,148,182,159,191,164,186,165,189,167,191,171,194,176,204,179,207,185,204,190,217,195,228,201,235,208,235,220,249,230,261,240,273,263,298,284,317,306,350,337,378,371,414,417,464,456,512,514,573,575,652,671,741,764,848,877,961,1005,1103,1107,1170
B10,174,153,180,154,177,154,180,174,161,181,180,155,176,178,155,181,158,180,183,156,180,159,176,160,180,160,180,159,184,156,183,160,181,159,188,160,177,161,182,163,182,162,181,158,187,165,184,163,184,163,187,164,190,165,188,162,192,168,195,167,188,168,191,169,188,166,154,155,193,169,200,173,197,171,196,172,197,177,199,177,204,180,206,185,210,187,210,187,213,189,218,191,220,197,219,197,224,198,227,205,235,213,239,215,247,222,255,227,260,236,259,242,273,246,277,257,282,266,293,275,308,282,307,291,323,300,334
B11,173,154,185,154,178,155,181,180,160,183,184,156,181,177,155,184,158,182,185,158,183,160,177,158,184,160,183,158,185,161,184,157,179,161,185,162,180,161,185,164,185,161,186,161,186,166,185,162,183,166,189,166,190,160,183,166,189,165,194,167,189,169,188,168,190,168,159,158,192,171,200,175,194,178,199,175,198,179,201,183,212,185,208,187,209,190,217,195,224,194,227,198,226,205,230,212,239,212,245,222,253,227,256,232,264,238,269,245,277,254,290,263,296,270,305,283,314,294,325,309,341,316,345,333,367,343,371
B12,169,146,180,154,174,151,178,175,157,177,176,149,175,172,148,176,147,176,172,146,172,148,168,149,175,150,174,149,169,147,175,150,166,148,175,147,170,150,171,148,172,149,173,148,177,152,175,153,171,150,177,148,174,149,171,152,181,156,183,158,177,149,181,156,180,153,140,143,181,158,192,156,185,155,186,159,185,159,187,160,192,159,194,164,184,160,193,164,189,166,196,164,188,167,187,163,194,160,191,165,192,165,194,164,195,164,193,165,191,167,197,167,193,166,196,161,191,165,194,165,197,166,187,162,192,158,188
C1,190,167,192,162,193,159,188,189,167,188,187,156,183,183,158,181,154,179,179,153,183,151,174,153,177,151,176,151,178,154,183,153,176,156,184,159,174,158,186,162,183,161,183,159,189,161,193,163,189,163,193,165,195,163,189,163,195,164,198,166,192,163,197,168,192,166,152,152,193,163,202,168,193,161,194,166,192,167,191,167,197,169,200,170,197,173,194,165,195,173,195,165,195,163,184,165,193,163,189,161,187,159,186,155,189,156,185,159,185,160,187,155,187,158,186,158,186,161,183,163,195,161,178,162,186,159,180
C2,192,166,200,173,197,166,197,194,175,199,196,172,197,198,170,203,171,201,198,167,202,175,196,171,199,175,197,174,201,175,202,169,195,177,206,177,201,182,208,180,207,182,205,184,219,193,225,195,226,208,236,220,252,234,269,256,292,283,327,316,360,356,408,409,455,433,424,431,469,444,473,445,467,437,464,437,465,432,463,438,467,446,466,442,469,443,472,450,480,446,479,452,474,450,471,455,480,447,481,449,475,450,486,458,484,456,487,458,480,462,484,456,482,461,482,451,479,455,480,456,478,457,478,463,493,467,495
C3,191,169,201,171,199,176,199,198,180,201,202,171,200,196,170,200,175,201,202,167,201,174,197,171,198,177,203,172,203,175,204,174,199,178,210,180,203,180,206,182,205,188,210,186,215,192,221,194,228,206,236,213,248,228,255,241,283,262,307,289,330,326,371,372,416,424,419,425,469,446,481,457,470,449,465,442,463,436,467,440,470,447,469,448,467,442,474,447,471,449,474,452,477,445,473,454,479,451,477,459,478,456,481,457,491,463,483,461,485,462,492,463,485,457,483,461,492,464,493,465,491,462,490,471,496,470,500
C4,194,169,200,174,200,174,204,201,178,201,204,174,202,201,174,198,173,207,198,172,204,176,201,176,201,176,198,177,201,177,202,176,199,177,206,177,207,181,208,184,205,185,211,185,221,193,222,198,221,205,231,211,246,226,254,242,279,261,306,287,327,320,359,373,410,392,388,393,437,412,440,415,434,411,438,411,426,411,427,410,437,419,435,420,437,416,436,416,440,421,444,417,441,423,436,422,445,420,446,428,451,425,451,424,460,432,453,428,460,436,456,427,459,431,458,427,460,433,454,433,460,428,447,437,462,437,459
C5,186,166,188,167,192,163,194,187,169,196,195,166,188,191,167,198,167,196,189,165,193,168,192,167,192,169,193,168,192,167,195,163,192,166,198,168,187,168,194,171,190,167,187,164,194,168,194,166,191,167,190,169,192,169,190,166,196,167,192,166,190,169,194,164,192,163,152,153,191,165,200,162,192,163,197,165,193,165,188,166,197,165,200,166,196,172,200,170,197,172,197,169,196,171,197,170,197,169,196,172,201,174,203,173,200,175,201,177,205,176,203,176,203,177,205,178,203,178,206,178,207,179,207,179,207,183,208
C6,187,165,196,168,194,168,199,194,176,196,196,166,197,196,167,198,167,196,192,170,198,171,195,169,198,169,194,171,197,169,199,169,198,171,199,170,196,168,195,169,193,170,193,170,198,168,198,169,193,167,199,173,195,166,189,168,198,170,200,173,190,163,192,169,193,168,153,155,193,166,203,171,194,174,201,168,195,172,199,171,199,170,201,170,194,172,200,171,201,173,205,171,200,177,198,172,204,174,200,173,207,178,202,178,209,179,209,182,206,182,208,182,215,180,212,180,209,184,217,187,215,184,212,189,222,193,215
C7,196,178,204,177,201,176,205,199,183,204,206,175,204,204,175,204,176,208,204,173,210,177,200,175,203,179,201,181,204,180,211,176,201,178,214,180,205,183,206,184,203,178,204,176,208,183,209,182,205,181,209,181,213,180,210,183,208,185,214,184,208,177,209,183,205,182,164,165,209,181,217,180,209,182,209,183,209,185,214,181,217,184,214,186,209,189,213,189,209,186,220,186,212,191,215,189,218,185,216,185,219,191,218,185,218,190,215,189,217,192,223,189,219,193,220,187,222,190,216,191,221,189,211,192,221,191,216
C8,194,169,198,168,199,168,197,191,173,200,201,169,198,195,168,197,170,197,195,170,198,172,195,175,195,172,195,176,199,170,201,171,202,173,201,172,198,176,201,176,196,175,200,172,199,178,200,176,197,176,200,172,199,173,200,177,200,179,204,175,201,175,205,178,198,174,160,165,201,177,211,178,205,177,204,178,204,177,205,177,208,175,204,182,204,185,212,183,207,180,203,180,208,182,208,181,209,178,206,180,213,182,208,185,210,180,209,179,207,188,212,183,209,180,213,182,211,185,210,187,215,182,208,183,211,182,209
C9,192,170,198,170,200,169,200,196,173,200,199,170,196,198,171,197,171,201,197,169,203,172,198,176,196,178,203,178,205,173,206,172,199,175,202,175,199,178,204,175,195,179,201,174,204,175,208,176,203,177,203,177,202,177,198,175,207,180,209,179,205,177,205,178,205,180,161,165,207,175,215,180,203,179,208,178,210,182,208,182,213,183,207,187,204,182,217,185,212,185,211,183,211,187,210,184,214,184,216,185,215,189,214,184,221,189,217,190,213,194,224,192,221,188,220,187,215,187,222,190,219,188,212,191,219,187,214
C10,175,166,193,166,186,161,189,192,166,186,190,162,188,186,160,189,162,194,193,163,189,167,188,169,192,170,189,170,195,169,193,167,191,168,194,169,192,173,197,172,193,172,193,173,196,172,196,172,198,178,195,172,198,175,194,175,199,176,204,176,202,178,200,177,202,182,167,165,203,182,214,182,209,185,211,187,214,189,217,189,218,191,221,196,218,199,226,202,229,207,237,203,232,211,232,214,244,211,247,223,254,223,256,233,261,239,265,240,268,244,269,242,270,239,270,239,267,246,270,245,269,243,260,245,269,238,271
C11,174,155,181,160,183,156,184,182,161,180,181,154,176,184,156,181,159,186,183,158,186,161,183,163,186,159,185,160,182,161,189,163,186,165,188,164,191,165,186,165,186,164,184,163,189,168,186,166,186,167,190,165,193,171,191,170,197,168,198,172,196,172,196,172,197,176,161,164,197,175,206,179,203,179,205,186,204,186,212,187,213,190,216,194,216,197,226,201,225,199,232,205,233,214,232,212,243,217,246,223,254,230,259,237,271,243,270,239,267,244,271,240,269,242,268,238,270,236,270,242,269,238,263,246,272,237,269
C12,166,148,175,151,176,151,176,176,156,172,174,150,177,176,151,175,152,179,175,156,179,153,174,152,179,150,182,157,180,151,182,152,181,158,189,158,180,158,183,158,179,157,180,159,189,158,187,158,184,162,189,160,186,160,184,160,190,165,193,162,185,160,190,163,189,161,145,149,186,164,199,160,189,164,193,163,190,168,186,163,194,168,195,163,190,165,195,165,193,164,192,163,191,165,188,165,191,160,195,166,195,165,192,164,198,165,193,167,194,170,194,164,193,167,196,163,194,165,197,169,196,162,188,162,192,163,182
D1,185,168,194,165,192,163,191,191,167,188,189,160,187,186,157,184,156,185,182,153,184,155,175,155,177,157,180,157,180,155,179,153,173,159,180,157,177,156,181,156,179,156,185,155,185,156,186,161,183,162,190,167,191,162,186,162,196,161,199,166,192,166,195,166,192,165,149,147,192,165,198,161,192,166,196,166,190,168,193,165,196,167,192,164,190,167,194,165,194,169,195,165,189,165,187,160,195,161,187,163,187,163,186,161,189,163,186,158,183,162,186,158,185,158,186,159,182,157,182,162,186,159,180,159,184,157,182
D2,194,175,209,178,201,174,202,201,180,204,202,175,201,202,173,203,175,202,201,179,204,179,200,178,208,178,201,177,207,179,206,180,202,181,211,185,205,186,205,180,205,180,204,179,209,182,209,179,207,186,212,188,210,186,207,186,215,186,216,187,211,185,214,184,209,183,174,174,214,187,224,194,222,197,223,203,224,202,228,206,235,206,239,215,238,221,249,222,252,229,255,231,256,235,264,242,272,248,279,260,287,267,294,265,298,265,297,268,293,267,294,265,295,266,291,264,294,257,292,263,296,262,293,271,301,269,295
D3,196,175,202,174,199,175,201,199,177,203,201,170,199,199,172,199,174,203,202,173,202,173,194,175,202,176,199,174,202,173,206,173,198,176,207,177,203,175,203,178,199,176,202,175,206,181,203,177,203,180,209,184,215,177,206,187,212,184,221,188,216,191,218,194,217,193,183,185,231,205,241,212,246,226,254,229,265,240,272,249,293,263,303,278,306,285,307,285,315,285,314,287,313,281,310,286,311,283,310,281,310,289,321,285,318,289,319,293,322,295,328,297,336,306,338,304,347,319,352,331,370,342,378,368,411,392,444
D4,191,174,203,173,199,169,201,198,178,203,202,170,203,203,173,201,173,199,197,173,203,175,198,175,201,176,204,172,202,175,204,175,196,179,198,180,203,177,201,175,204,180,199,179,204,177,208,181,207,183,206,184,210,182,207,185,217,185,222,187,213,194,219,197,219,194,184,189,230,211,247,220,248,223,256,235,267,251,279,259,296,278,312,297,335,326,364,349,398,390,431,423,470,463,512,514,575,570,649,665,739,756,840,857,942,948,1002,1008,1038,989,1009,983,1018,974,1001,961,986,950,963,933,965,928,958,933,955,928,971
D5,191,174,203,172,200,171,200,197,179,204,201,171,199,202,172,200,172,202,198,173,203,172,198,176,202,173,202,173,205,176,203,171,197,175,204,177,201,178,204,180,200,176,198,176,207,179,204,177,206,184,209,181,208,180,208,185,216,185,216,190,219,189,223,196,224,199,188,188,229,210,246,218,248,224,256,234,268,250,279,261,299,277,312,294,328,315,347,325,353,327,357,323,353,325,354,323,357,322,351,326,357,332,356,328,357,329,357,335,362,334,366,337,373,342,373,341,378,353,382,357,400,364,400,380,413,393,434
D6,188,170,201,168,197,168,198,194,175,193,200,168,195,198,170,194,168,202,196,169,201,173,193,172,199,173,198,175,203,174,199,173,193,175,199,174,199,169,201,178,195,175,200,173,209,174,202,178,201,178,204,179,208,178,204,178,209,179,208,180,205,180,208,183,205,181,166,169,209,186,217,188,212,190,215,197,216,194,219,194,227,197,227,206,225,206,232,206,233,214,244,213,246,219,247,223,256,225,261,235,267,246,274,249,279,256,288,262,293,276,309,279,319,290,316,300,337,310,343,319,355,330,364,342,380,354,393
D7,192,169,203,173,193,168,202,194,177,197,199,171,198,201,171,199,171,202,200,171,200,176,197,174,204,174,203,174,201,173,199,175,198,174,202,175,198,177,204,178,199,176,198,176,207,177,201,179,203,180,203,181,206,181,205,181,209,178,209,179,204,182,204,183,204,180,165,166,205,182,216,181,212,186,214,187,210,186,216,186,222,194,221,191,220,193,226,198,224,198,229,201,226,205,225,207,238,207,239,212,247,218,243,219,252,225,253,228,258,232,264,237,269,243,278,248,283,253,287,264,299,267,295,274,305,284,312
D8,189,166,199,165,192,167,197,195,173,194,196,168,195,195,166,195,169,198,195,169,197,169,196,172,198,175,196,171,203,169,199,171,194,168,201,180,198,175,195,177,195,174,196,171,203,172,199,173,198,177,201,174,204,177,200,176,204,178,204,177,199,177,203,176,207,179,165,165,206,182,214,180,211,183,209,184,209,187,212,190,219,188,217,191,218,194,222,198,221,201,228,199,228,204,228,205,236,205,237,211,242,220,243,219,251,224,254,225,256,230,262,238,267,245,278,249,280,256,285,265,291,267,293,271,305,280,306
D9,186,161,189,165,192,162,192,193,174,192,193,167,193,195,165,192,170,195,192,164,194,170,192,169,194,170,193,170,198,171,196,168,190,170,196,170,199,178,200,180,200,180,208,182,213,188,217,191,215,198,222,195,229,201,228,204,235,210,238,207,235,208,235,212,234,208,193,196,234,209,243,209,234,213,241,214,238,213,243,218,248,219,255,228,258,242,280,265,314,312,365,368,453,491,589,674,804,852,1010,1151,1420,1673,1832,1847,1851,1776,1801,1733,1760,1708,1740,1705,1729,1702,1728,1691,1714,1697,1726,1693,1725,1704,1724,1697,1725,1700,1735
D10,186,169,191,169,194,164,196,193,172,196,198,167,196,196,169,191,171,196,194,167,192,168,190,167,194,165,192,172,199,173,197,171,192,175,200,174,195,177,203,181,199,183,206,185,214,193,220,201,225,205,235,211,239,212,241,219,251,229,257,234,255,229,255,229,256,235,217,221,260,234,266,234,260,235,263,237,264,239,263,237,268,238,265,242,265,243,268,240,269,243,271,243,271,249,268,245,273,242,271,250,274,249,271,247,281,254,284,255,279,264,285,261,287,259,288,259,292,257,287,267,295,259,285,267,288,267,292
D11,183,163,192,167,189,163,189,187,169,190,193,166,191,192,165,190,165,193,186,162,191,166,190,167,189,165,191,171,193,172,195,169,192,173,203,172,203,179,204,182,204,191,212,191,218,197,228,204,231,209,240,214,244,222,244,224,250,224,249,221,245,220,244,224,250,226,209,210,249,222,256,223,247,225,250,228,249,227,249,227,258,224,252,229,248,231,256,233,255,230,255,234,254,236,258,238,266,235,267,241,271,245,266,244,273,249,279,255,274,251,280,256,279,259,282,255,285,258,283,261,284,256,278,259,286,257,289
D12,160,146,176,148,168,145,174,169,156,174,174,150,172,175,148,178,148,178,172,149,172,150,170,152,181,147,177,151,179,149,179,150,173,154,186,154,180,156,177,154,178,154,180,151,179,157,180,154,178,157,182,155,183,155,182,155,187,158,194,160,183,157,188,161,186,161,144,145,185,162,195,159,187,164,193,164,188,165,191,160,190,162,191,162,190,168,197,164,189,163,193,161,186,166,186,164,195,159,190,162,194,162,191,163,196,165,194,162,194,164,191,162,190,166,194,163,190,161,194,164,194,164,183,164,191,168,191
E1,184,158,194,168,191,160,190,187,162,187,185,160,185,183,157,183,151,185,176,157,182,153,178,151,179,153,177,151,176,153,177,150,177,151,182,152,176,154,179,154,179,157,176,156,182,161,184,161,185,161,185,160,189,158,193,166,194,166,193,163,192,163,199,165,185,165,148,154,190,160,198,165,191,166,196,166,191,167,193,164,201,161,193,166,197,166,194,166,193,167,195,161,188,162,193,163,196,160,190,156,188,161,182,161,188,157,189,155,183,160,185,156,185,158,187,157,182,157,187,157,189,159,185,159,182,158,182
E2,198,174,203,170,200,166,205,193,178,204,202,171,200,201,174,197,176,203,202,174,205,178,200,173,202,173,201,177,204,177,207,171,200,179,204,174,199,176,194,174,200,170,196,173,200,173,199,170,196,176,197,173,196,168,194,168,201,172,201,173,198,169,196,172,195,169,155,156,197,168,197,167,193,166,195,167,194,166,193,165,195,167,199,164,190,169,195,165,190,164,192,166,191,164,184,163,190,159,189,162,190,161,190,162,193,160,189,161,189,164,193,162,187,164,185,160,186,161,184,163,195,160,181,156,188,156,186
E3,194,173,197,175,198,170,199,200,182,200,201,174,200,202,176,205,177,206,205,170,207,178,200,175,202,177,203,177,204,172,203,173,202,175,208,178,201,175,199,178,200,176,197,174,203,173,199,175,196,173,205,175,201,172,200,171,204,172,203,175,202,173,199,174,197,173,155,159,199,170,207,174,198,172,205,174,201,170,199,172,202,175,202,174,198,173,203,173,201,173,198,174,200,175,192,174,198,170,201,172,203,170,203,173,206,174,205,173,208,171,206,172,203,174,204,170,201,170,202,175,206,174,197,172,198,171,198
E4,196,172,202,171,199,172,203,202,177,199,203,173,200,202,175,203,175,203,199,173,205,174,196,177,202,177,202,176,206,176,202,178,202,176,205,180,197,173,203,175,197,176,198,172,200,177,202,172,199,175,204,174,200,172,201,173,202,175,205,173,198,172,199,174,196,171,156,156,200,173,207,171,200,174,202,174,195,175,202,171,200,171,205,175,197,175,201,173,197,176,203,167,199,173,197,171,201,172,199,171,202,175,197,171,202,175,199,173,197,175,204,172,201,174,200,171,201,173,202,174,208,173,193,170,199,168,197
E5,190,167,196,174,195,164,198,194,177,201,200,168,196,199,172,201,171,203,199,169,199,176,195,171,199,169,198,170,200,171,199,171,197,172,201,171,196,173,196,172,196,174,195,169,199,170,198,172,196,171,198,171,200,171,196,172,204,173,203,172,195,172,200,173,195,171,152,159,195,169,202,172,198,172,199,171,196,174,197,170,205,173,200,175,196,176,202,175,203,175,201,175,198,173,199,175,206,175,208,179,208,178,209,183,213,179,209,184,214,187,217,184,214,188,215,185,219,186,214,193,218,188,214,186,216,183,215
E6,190,170,190,171,193,166,198,197,176,193,199,170,195,196,170,198,174,202,197,173,198,176,195,170,198,169,195,172,196,170,199,167,196,171,198,170,195,172,196,168,191,167,193,172,195,171,199,170,191,173,192,170,198,172,194,169,196,171,194,170,193,170,195,173,194,168,154,154,196,167,202,170,197,172,198,172,196,172,199,171,203,175,203,173,194,177,201,171,202,180,208,173,204,178,198,181,208,174,207,177,209,181,210,185,208,183,211,180,210,189,216,182,213,188,214,186,216,185,214,191,220,185,211,186,214,186,210
E7,188,170,198,165,191,163,192,197,170,194,195,168,195,198,165,199,170,200,194,167,197,170,190,169,196,171,192,171,193,166,198,170,191,169,196,167,192,168,189,165,190,163,189,164,195,168,193,166,192,166,192,166,192,167,191,164,194,167,196,165,193,166,195,169,191,164,147,154,191,166,196,167,192,167,196,168,192,169,197,166,199,166,196,170,192,174,197,171,199,171,195,170,198,175,195,171,204,172,200,176,206,179,203,177,202,176,208,178,204,190,213,185,209,183,211,182,212,184,214,188,216,184,208,184,212,185,211
E8,194,172,199,171,196,169,197,197,175,199,198,168,200,195,169,198,172,199,199,167,202,173,193,171,196,168,196,175,197,173,199,174,197,174,201,173,194,173,201,178,198,171,198,169,204,172,202,173,198,176,200,175,199,171,200,174,204,175,204,172,196,172,198,174,197,171,156,156,199,171,202,171,198,172,195,170,197,174,194,168,200,175,203,173,195,176,202,170,202,174,201,174,201,171,194,175,202,171,198,176,204,175,200,174,207,177,203,174,206,180,209,174,206,178,208,180,205,183,210,187,216,183,212,187,216,193,218
E9,198,170,196,169,190,168,197,197,175,196,195,168,197,192,167,199,170,196,199,169,198,170,189,173,203,174,195,171,199,169,197,173,192,176,201,173,193,169,197,172,196,171,197,169,201,174,197,171,200,173,198,171,199,172,195,175,200,172,203,174,193,174,198,172,193,171,150,155,193,170,203,171,195,170,197,169,192,171,197,169,198,171,200,174,194,173,197,170,198,171,198,170,195,169,195,174,203,171,198,173,199,171,197,174,202,175,198,169,198,174,206,174,198,178,204,174,209,177,205,180,210,176,199,180,206,179,208
E10,191,170,193,168,195,166,196,196,174,196,193,169,196,196,168,194,171,197,200,171,195,172,189,168,200,173,196,175,202,171,199,174,197,171,204,174,195,174,201,175,195,173,195,169,199,176,199,174,196,173,200,175,201,176,200,173,201,172,203,178,194,171,197,173,195,171,154,157,197,174,202,169,194,167,199,174,197,173,199,171,198,172,201,176,198,175,196,176,200,172,201,171,198,175,196,174,202,170,200,175,204,176,203,175,204,175,201,176,203,180,205,175,209,178,210,180,210,184,211,188,223,190,214,193,221,193,225
E11,184,168,195,165,190,163,193,191,171,193,189,163,189,191,164,195,164,195,191,166,193,167,190,167,195,169,191,165,195,169,195,170,193,171,196,169,187,167,191,168,188,168,190,162,194,166,191,165,190,165,190,169,195,165,188,164,193,167,195,166,190,165,190,168,190,163,152,148,187,166,197,163,190,165,193,169,190,171,192,169,197,174,201,172,199,174,201,175,196,176,203,174,199,177,202,173,205,176,203,180,204,180,203,176,206,179,206,179,206,180,206,180,203,182,208,179,210,181,211,185,216,183,206,181,210,180,206
E12,168,150,178,147,171,148,178,171,155,172,171,145,170,173,148,175,150,177,171,150,176,150,174,152,180,153,174,146,176,154,182,153,178,154,184,158,180,155,178,156,178,155,180,155,186,160,185,157,179,165,185,158,190,160,183,159,190,159,192,164,189,158,189,160,185,159,145,143,188,162,199,160,193,165,194,165,190,168,192,164,198,165,199,168,194,170,196,165,196,166,196,166,196,169,193,168,199,165,199,165,198,171,197,167,199,172,200,166,198,169,194,163,196,168,197,166,198,166,192,173,202,165,188,166,192,162,188
F1,192,167,194,167,195,165,193,186,168,189,187,157,186,183,159,181,158,184,184,155,181,157,180,156,180,159,180,157,182,155,185,159,179,157,184,157,185,162,186,158,180,161,184,161,189,158,192,164,190,166,195,166,196,165,190,163,194,168,198,168,191,168,195,167,196,166,149,150,191,167,200,168,197,164,198,166,195,165,198,168,204,170,201,172,192,168,199,173,197,169,194,166,195,170,197,165,201,165,199,169,194,169,194,163,194,161,189,162,186,162,192,157,189,159,186,157,187,158,185,165,193,162,182,161,183,159,184
F2,201,173,203,180,201,170,199,203,181,202,204,174,200,200,172,203,173,204,201,176,206,178,197,176,206,177,204,176,207,177,205,172,202,180,205,178,204,179,203,174,200,177,205,174,202,180,201,170,201,170,201,174,204,172,197,176,202,174,205,175,199,172,195,168,196,168,154,152,197,169,202,169,199,172,198,170,192,171,192,169,199,171,200,168,191,170,195,169,193,172,194,165,195,170,191,166,195,168,192,165,197,167,189,164,195,163,197,165,192,167,197,168,194,164,188,162,191,163,191,165,191,163,186,164,186,160,184
F3,197,175,197,176,202,166,198,198,174,203,195,171,200,199,170,204,171,197,199,171,203,176,197,177,206,175,202,177,202,172,204,172,200,175,203,172,198,178,204,179,199,174,204,171,202,173,198,169,195,172,197,173,200,175,195,171,204,173,202,173,192,174,200,171,195,171,152,156,194,167,202,170,195,167,197,173,192,170,198,169,201,172,203,175,203,170,200,173,198,169,202,171,199,176,198,170,198,167,198,173,202,175,200,171,200,173,200,170,203,175,203,170,200,173,199,169,199,167,201,175,200,172,193,171,196,167,191
F4,196,168,195,174,199,168,201,195,176,200,200,170,198,196,172,199,172,202,197,172,202,174,198,174,200,175,200,174,199,176,202,168,191,172,197,173,201,172,202,179,195,177,200,173,198,177,201,172,198,174,201,178,203,179,204,180,208,187,217,190,221,200,227,205,225,203,196,198,233,210,240,212,238,214,242,214,238,214,243,216,243,220,245,222,246,221,244,223,249,223,246,223,253,226,247,223,252,221,248,225,252,226,258,229,255,229,259,229,258,232,256,232,261,230,259,231,256,235,257,238,264,236,254,237,265,232,255
F5,195,176,202,175,200,174,204,199,180,205,203,175,204,203,172,202,173,204,203,174,205,181,202,176,206,177,203,179,207,179,204,174,202,175,202,182,200,179,198,178,198,174,201,176,204,177,202,176,201,177,208,179,206,181,203,186,209,186,218,191,218,198,223,205,229,206,195,198,231,215,243,215,240,217,242,220,240,221,242,223,248,225,252,221,249,223,251,224,248,230,250,230,256,228,251,233,252,225,254,234,257,236,258,233,257,231,263,239,259,242,265,236,263,239,266,240,264,240,268,243,266,240,262,238,261,241,257
F6,195,172,196,172,196,166,201,195,174,198,201,172,196,195,166,199,170,200,196,171,204,173,195,176,197,174,201,171,199,169,201,174,195,171,205,171,200,176,198,171,192,174,198,169,205,173,195,177,196,178,205,180,211,183,210,193,220,203,234,210,231,210,235,214,235,219,201,204,239,217,249,218,246,217,244,218,241,220,244,224,250,224,254,224,251,230,251,228,251,229,255,226,253,229,254,232,256,230,255,235,258,236,253,235,265,233,263,235,261,242,264,239,263,237,261,236,265,238,268,241,270,240,262,243,267,239,263
F7,193,171,195,169,198,169,198,194,171,199,200,170,194,196,170,194,170,201,195,168,203,175,192,172,198,174,199,173,201,169,198,176,194,169,202,175,194,169,197,173,195,168,195,167,198,176,199,174,193,172,197,170,197,171,195,170,195,174,202,169,190,173,196,171,189,167,149,155,192,167,196,166,192,165,196,168,191,170,195,168,195,166,200,170,194,170,195,166,196,166,198,170,195,173,191,168,198,164,199,169,198,171,198,168,199,168,199,168,197,170,199,168,198,172,197,167,193,169,195,171,199,168,193,169,194,166,194
F8,196,170,197,170,196,167,200,194,177,200,199,169,198,196,169,197,170,199,199,172,201,173,198,175,202,176,197,175,201,173,202,172,196,173,206,174,200,174,196,175,193,174,192,172,201,172,197,168,193,172,193,173,197,169,193,169,199,168,201,172,191,172,193,172,193,169,152,154,190,170,201,167,198,167,193,168,193,169,198,171,201,171,199,168,195,170,194,167,193,174,198,171,197,172,195,171,198,169,196,167,202,170,197,173,203,168,197,170,197,175,199,170,198,172,196,169,195,170,200,174,198,169,191,170,196,169,191
F9,187,162,193,164,190,162,193,189,168,188,193,162,188,190,164,190,166,192,197,163,193,167,184,167,194,167,191,168,196,165,196,166,189,162,195,166,186,169,189,165,187,166,187,164,193,168,193,164,188,167,187,162,193,163,184,165,195,167,195,168,185,164,189,164,189,168,147,147,184,159,194,163,188,163,190,164,185,164,192,162,193,165,196,165,191,166,191,165,189,168,192,164,190,165,187,162,193,162,193,165,191,167,191,163,194,168,193,166,193,168,196,165,194,165,193,165,193,166,192,169,194,168,185,163,191,164,184
F10,192,166,195,170,195,168,197,193,174,195,190,167,194,197,166,197,166,196,197,166,195,172,193,169,197,169,190,171,197,169,195,169,194,172,199,171,190,168,191,169,189,170,194,168,196,168,197,168,193,170,196,169,198,167,191,168,192,167,200,171,192,171,194,167,193,170,150,157,194,164,200,169,194,168,196,171,193,175,195,171,201,172,199,176,202,176,201,175,202,176,205,177,204,181,204,181,208,177,208,182,209,183,210,185,213,186,211,186,211,186,211,184,214,183,212,180,212,183,211,189,212,185,205,183,209,179,206
F11,189,162,189,165,188,161,188,186,166,190,191,163,186,189,163,191,163,191,188,160,192,167,186,166,193,163,186,167,190,163,189,166,187,168,195,165,188,164,187,162,185,163,185,163,192,164,188,164,185,164,187,164,187,162,184,161,188,161,189,165,182,164,188,162,184,162,148,149,185,163,193,163,187,164,190,164,190,168,192,169,195,168,195,173,196,173,193,173,200,176,200,175,198,183,202,179,210,179,208,180,211,185,214,182,213,183,209,182,210,186,208,185,211,186,211,179,210,187,212,185,214,181,205,186,207,182,209
F12,165,145,174,148,171,145,173,169,152,172,176,149,172,173,145,173,150,179,172,147,174,148,173,151,176,151,168,149,175,147,177,152,175,152,179,155,176,153,177,155,178,151,174,152,182,159,180,158,184,160,183,157,186,156,181,159,188,160,189,162,185,157,188,159,182,160,144,145,186,159,194,157,188,163,193,166,185,163,192,164,191,166,196,165,187,165,192,164,194,163,194,165,193,165,190,163,197,161,188,165,196,165,190,164,192,163,194,164,189,163,193,160,193,165,191,159,189,160,186,158,187,160,179,161,180,155,178
G1,186,166,186,161,188,152,183,185,161,183,180,153,177,180,155,186,154,182,181,149,180,152,179,157,178,156,180,152,187,151,184,152,178,157,183,161,182,162,185,162,183,167,190,159,193,161,191,162,194,167,194,169,193,166,193,167,194,168,199,168,191,163,198,168,195,164,150,153,191,171,200,169,198,167,198,164,194,169,197,167,198,170,202,171,195,175,199,170,198,168,202,171,197,169,197,170,198,162,202,164,196,163,195,163,195,163,192,160,186,165,191,159,184,162,194,163,189,159,185,163,198,164,187,160,187,155,186
G2,195,180,207,178,208,175,208,202,182,208,209,177,204,204,176,202,179,208,207,176,208,179,205,179,206,178,207,179,207,175,202,177,207,177,209,177,201,173,202,183,199,177,200,174,200,177,203,177,199,174,206,176,207,176,199,177,205,175,206,177,198,177,201,176,198,172,155,155,198,171,206,173,200,172,202,175,199,175,201,173,208,179,208,178,203,176,205,177,207,178,213,179,208,182,209,180,213,179,213,185,219,195,214,192,223,193,219,193,220,193,221,192,224,193,228,192,222,191,222,196,219,191,212,190,217,190,215
G3,197,171,199,174,199,167,201,203,177,200,203,172,198,198,173,203,175,202,198,172,203,177,201,173,200,175,200,174,203,175,203,177,198,175,205,176,200,179,202,178,200,175,196,175,198,173,200,174,196,177,201,174,201,174,198,173,203,175,206,172,198,177,199,170,198,171,156,156,197,171,199,172,199,171,203,172,199,174,200,171,201,174,203,174,196,177,205,171,201,177,204,172,200,176,196,175,206,171,202,176,202,179,202,173,208,175,207,171,205,179,203,174,202,183,210,175,206,178,211,183,216,182,205,188,212,189,215
G4,196,171,202,174,198,169,202,204,182,206,201,175,200,205,171,202,174,204,203,175,204,177,198,175,202,176,200,173,205,177,205,173,202,176,206,175,197,177,205,180,197,177,201,172,201,178,200,172,199,177,204,176,199,172,199,176,204,175,206,179,202,173,200,171,197,177,161,159,198,171,203,173,197,172,200,173,197,171,202,171,200,174,205,175,198,177,201,172,200,175,205,175,203,175,205,174,207,174,201,172,205,181,203,174,206,175,207,172,202,177,205,178,202,178,205,173,204,178,207,180,209,178,201,177,206,177,203
G5,202,181,206,185,206,175,209,203,183,209,207,178,204,204,179,207,182,211,209,178,210,181,204,187,206,184,210,178,215,178,212,180,205,184,215,184,211,180,209,182,208,181,205,184,216,183,208,183,206,180,209,182,215,180,210,182,211,181,213,183,204,180,205,183,208,181,164,162,205,176,213,181,205,180,206,179,205,180,205,178,212,183,212,181,203,183,211,183,208,185,212,183,215,187,211,188,209,179,214,188,216,189,213,188,216,186,219,188,214,191,218,193,221,192,224,195,224,201,230,202,231,204,229,207,235,212,239
G6,198,171,196,174,201,165,200,200,179,196,200,176,201,195,171,204,172,201,199,171,203,175,199,174,202,179,198,174,201,176,203,177,201,176,206,177,199,176,202,170,199,174,194,172,201,173,203,175,201,173,201,172,199,174,196,175,200,172,207,175,199,170,200,168,200,169,155,159,194,172,206,167,194,171,198,170,193,172,203,166,205,170,203,173,193,172,200,174,201,174,200,171,200,172,198,174,200,169,199,175,200,176,198,172,201,171,199,165,198,175,200,173,199,172,200,169,199,173,199,172,204,170,195,172,198,165,193
G7,195,171,205,173,194,170,199,197,179,199,202,169,194,198,168,199,175,204,198,171,201,176,196,173,200,169,203,175,204,173,198,172,198,170,200,172,195,174,191,173,192,172,197,168,199,176,198,171,194,172,201,170,202,170,194,172,203,173,206,173,196,174,196,170,193,171,152,151,192,171,199,170,190,163,199,170,190,170,194,171,201,170,198,171,196,174,200,167,198,171,199,171,196,170,197,170,199,169,197,171,202,176,198,171,198,167,197,168,196,174,195,170,195,170,202,165,201,167,199,175,196,168,192,166,195,167,191
G8,195,168,196,171,197,166,191,189,172,193,194,169,194,192,165,195,171,197,190,168,197,170,190,173,195,169,193,172,197,172,198,171,198,170,199,173,193,168,194,173,189,170,190,161,198,174,194,167,193,169,195,170,203,173,191,168,197,171,201,170,194,172,194,171,195,167,153,153,187,169,201,167,191,166,195,166,186,168,190,166,199,168,196,172,190,168,195,169,196,170,198,170,198,170,192,173,193,162,194,168,196,173,199,168,202,168,197,170,199,173,196,167,198,170,193,168,193,167,201,171,200,164,188,165,188,165,194
G9,186,158,191,162,186,154,190,183,160,186,190,156,185,185,159,186,160,190,183,155,188,159,181,162,190,157,183,163,183,165,191,164,186,162,188,166,186,164,185,163,185,163,193,159,193,170,194,171,196,174,201,180,211,189,216,192,226,195,230,199,223,199,225,196,225,201,183,185,226,195,229,199,226,201,229,200,227,201,229,202,232,208,231,205,229,207,234,210,236,211,238,214,242,212,241,217,242,213,242,215,249,221,249,218,248,220,251,221,247,223,252,224,251,223,251,224,253,223,251,228,256,230,251,228,254,228,250
G10,189,167,196,173,193,169,197,191,170,196,201,167,198,192,165,197,171,200,193,169,196,171,193,171,196,170,194,171,194,171,196,167,197,173,194,172,193,173,199,173,199,173,196,170,204,181,203,183,206,183,213,190,219,200,226,208,239,217,245,217,244,219,248,224,253,225,211,212,255,229,259,230,260,231,259,231,258,235,259,231,262,230,258,228,258,232,256,234,258,235,265,235,261,231,261,233,262,223,256,233,254,233,256,231,258,226,257,229,256,233,257,228,262,228,259,229,261,232,257,235,265,231,256,234,259,232,258
G11,186,168,193,169,197,165,196,194,172,197,196,168,194,195,169,199,169,197,192,167,198,167,193,173,195,172,196,171,196,169,199,169,193,170,197,174,191,171,196,179,193,172,198,169,208,179,209,186,212,186,214,185,215,186,213,187,215,190,215,188,210,187,210,186,209,185,169,173,210,184,219,185,211,185,214,183,209,186,208,186,213,188,215,192,213,191,220,193,222,200,231,197,228,206,229,207,234,201,235,210,240,215,243,219,241,219,248,223,252,223,252,223,254,220,253,224,251,225,255,228,260,228,252,224,252,232,256
G12,168,145,173,151,175,146,181,172,154,176,175,147,175,172,151,175,149,174,175,146,176,150,172,152,175,152,175,152,176,154,183,154,177,158,185,157,184,159,182,157,182,159,186,156,188,162,191,160,184,159,189,159,193,164,188,162,189,163,195,168,191,165,196,163,192,163,148,150,195,164,199,163,190,164,197,166,191,164,194,162,194,168,198,164,193,168,194,171,193,169,198,164,197,164,195,162,192,164,194,167,191,163,189,161,187,157,183,155,180,156,184,154,178,154,180,153,183,155,180,159,184,153,179,155,185,157,178
H1,186,159,196,166,192,157,191,189,166,190,187,158,184,185,154,180,155,185,178,152,180,155,179,152,180,155,175,158,180,153,182,156,183,156,186,160,186,158,186,168,188,163,190,161,195,161,188,163,190,164,197,166,198,168,191,168,198,167,200,164,193,165,195,168,190,163,149,150,195,165,197,169,192,167,196,166,191,163,191,165,195,165,191,165,191,163,191,161,186,160,187,160,184,159,180,158,183,155,184,159,181,161,185,161,189,161,187,161,191,165,190,162,192,162,188,163,192,159,188,164,191,156,182,159,184,157,186
H2,192,163,197,167,190,160,185,190,170,198,193,165,193,193,162,195,166,188,189,160,191,163,191,159,188,160,191,159,189,158,187,158,185,160,183,159,181,165,180,159,178,155,179,151,181,156,179,152,178,153,180,152,183,154,179,155,181,158,183,154,179,155,180,154,179,155,139,141,181,156,187,158,185,157,184,159,188,159,181,158,187,158,191,165,192,161,190,164,192,167,195,167,195,168,193,170,195,162,190,165,195,167,193,165,195,167,198,166,198,168,200,172,202,167,200,168,201,169,204,170,202,171,196,165,196,164,191
H3,176,147,180,158,175,150,180,176,161,186,180,156,181,182,153,181,154,183,180,153,184,158,180,151,180,154,180,157,180,155,181,157,172,152,181,154,177,157,172,154,173,150,174,151,177,153,175,151,173,148,170,146,172,147,169,147,172,144,167,148,165,145,165,141,165,145,132,131,166,142,174,143,168,143,167,144,165,142,168,144,172,144,171,141,170,144,171,147,167,148,169,144,169,148,167,147,174,148,172,142,172,145,169,148,175,145,179,147,178,153,176,151,176,152,179,147,178,151,178,150,182,155,173,151,176,154,175
H4,184,156,188,166,189,160,191,185,166,190,193,162,187,186,155,187,161,189,185,159,189,165,187,160,183,163,181,162,186,161,188,161,181,164,189,164,184,165,183,163,185,158,184,157,187,156,184,155,178,157,183,155,182,155,176,158,179,152,174,152,176,150,178,147,172,150,135,136,172,151,180,149,173,149,175,152,173,149,173,146,176,150,179,154,174,153,176,152,178,150,175,149,180,151,172,150,176,145,178,149,178,155,177,147,181,152,180,152,177,156,179,154,182,154,185,153,179,152,182,154,188,158,174,154,179,151,180
H5,188,157,195,165,189,161,194,194,169,196,190,161,192,192,160,188,165,193,188,166,192,166,185,163,190,159,185,161,192,163,189,163,187,163,186,166,191,166,187,165,182,161,183,159,188,161,182,153,183,159,184,158,183,156,179,155,185,151,173,153,176,153,173,151,175,152,138,140,175,150,180,154,176,144,178,151,175,152,173,149,181,151,179,151,178,156,177,151,180,154,176,153,178,155,177,154,182,149,177,152,176,157,176,155,179,155,181,153,179,161,186,157,183,155,188,157,185,158,185,155,189,157,178,157,180,156,182
H6,183,157,188,159,187,156,185,180,161,187,185,158,182,185,157,183,155,184,182,157,185,157,180,155,180,152,178,154,183,154,182,153,179,152,179,155,178,155,175,153,174,151,174,148,177,152,176,152,173,152,177,152,175,150,175,150,177,154,179,151,175,152,177,150,175,151,138,139,177,151,188,154,178,153,182,151,180,154,181,154,187,154,187,158,187,157,184,161,185,159,188,153,187,159,186,157,187,157,188,155,189,161,187,158,187,160,190,163,194,164,190,162,193,159,196,167,196,162,192,165,194,161,188,164,188,160,188
H7,186,159,190,163,185,160,188,189,172,189,188,160,187,185,160,188,161,187,187,161,187,162,184,160,182,154,181,160,180,157,188,155,180,160,183,158,177,159,179,152,172,153,174,153,177,152,176,148,172,154,175,153,175,149,173,152,177,149,169,154,170,153,174,152,173,153,139,134,174,150,182,150,177,152,178,155,176,154,180,151,183,155,188,158,179,156,188,157,187,159,183,150,185,156,180,161,190,153,188,154,189,163,186,157,189,161,195,160,189,158,195,162,196,165,195,161,192,166,193,165,193,163,187,167,187,159,191
H8,186,155,190,160,189,159,186,181,163,191,188,160,185,187,157,184,159,189,186,158,191,161,186,161,181,156,184,157,184,161,185,155,180,159,182,156,181,156,177,158,174,151,176,149,176,152,174,152,170,151,176,151,179,148,174,150,175,152,177,151,171,148,174,146,176,149,134,134,170,151,182,151,175,148,177,145,176,156,177,152,184,157,184,155,178,157,186,157,183,158,186,154,182,160,184,156,186,157,188,159,190,164,186,155,187,157,190,162,194,165,190,166,190,165,197,170,194,163,197,164,194,164,183,163,188,161,190
H9,188,156,190,164,195,162,192,185,166,185,192,162,187,190,162,188,160,188,184,167,188,161,183,160,183,159,187,161,189,157,186,160,182,156,185,159,179,158,178,155,172,152,176,154,180,155,176,151,175,152,174,150,176,152,173,147,174,154,179,148,172,150,174,153,174,151,137,137,174,150,181,151,176,152,179,153,176,154,177,153,179,155,183,154,183,155,179,158,181,161,189,157,183,157,182,156,187,153,190,160,184,162,189,166,191,161,192,169,192,166,190,164,193,160,197,164,194,162,194,163,198,164,188,167,190,164,193
H10,180,155,182,153,177,156,181,181,161,187,178,154,177,177,149,181,157,181,180,152,179,152,171,152,168,151,172,152,174,150,176,145,172,150,174,151,171,153,171,149,168,151,174,148,174,152,174,146,176,152,180,150,177,154,179,151,181,155,181,153,181,156,179,151,177,154,140,141,182,157,186,156,182,156,187,157,184,157,186,162,193,159,193,159,187,163,188,164,193,167,195,161,186,163,189,163,197,159,199,166,201,169,195,165,202,164,204,168,197,169,199,170,198,167,200,166,195,165,193,169,200,169,190,164,193,168,195
H11,182,157,186,158,192,156,193,179,163,190,184,153,178,183,156,185,157,183,183,153,184,158,179,153,176,152,174,151,178,153,176,152,170,152,175,150,175,152,174,155,167,151,170,147,172,151,174,150,167,147,177,151,180,157,178,150,178,154,179,152,182,155,180,153,178,150,141,141,185,156,192,158,187,158,188,155,184,161,188,160,191,164,192,167,190,167,194,164,193,169,195,164,189,167,190,169,196,164,197,164,201,168,198,167,201,169,199,168,202,170,203,169,203,168,201,171,203,170,198,168,197,169,194,166,191,163,197
H12,179,149,184,153,182,152,182,175,156,175,176,148,172,173,148,173,152,172,169,146,176,149,170,148,174,154,175,152,178,154,182,151,178,155,185,155,181,157,182,160,183,163,181,164,188,165,192,164,186,164,191,165,198,163,190,163,195,167,200,166,189,161,190,164,186,162,146,147,192,163,197,161,189,163,190,164,187,159,187,162,192,156,184,155,178,155,183,157,182,156,183,159,183,157,182,157,181,152,182,157,184,157,188,159,188,160,186,162,185,160,186,157,186,159,186,158,184,161,184,163,188,160,184,162,189,168,197