Cycle Nr.,1,2,3,4,5,6,7,8,9,10,11,12,13,14,15,16,17,18,19,20,21,22,23,24,25,26,27,28,29,30,31,32,33,34,35,36,37,38,39,40,41,42,43,44,45,46,47,48,49,50,51,52,53,54,55,56,57,58,59,60,61,62,63,64,65,66,67,68,69,70,71,72,73,74,75,76,77,78,79,80,81,82,83,84,85,86,87,88,89,90,91,92,93,94,95,96,97,98,99,100,101,102,103,104,105,106,107,108,109,110,111,112,113,114,115,116,117,118,119,120,121,122,123,124,125
Time [s],0,1366.5,2733.1,4099.5,5466,6832.4,8198.9,9565.3,10931.7,12298.2,13664.6,15031.1,16397.5,17764,19130.5,20496.9,21863.4,23229.9,24593.9,25960.4,27326.8,28693.3,30059.8,31426.2,32792.7,34159.1,35525.6,36892,38258.5,39625,40991.5,42357.9,43724.4,45090.9,46457.3,47823.8,49190.3,50556.7,51923.2,53289.7,54656.1,56022.6,57389,58755.5,60121.9,61488.4,62854.8,64221.8,65588.2,66954.7,68321.1,69687.6,71054.1,72420.5,73787.3,75153.7,76566.9,77931.7,79298.1,80664.6,82031.5,83398,84764.4,86130.9,87497.4,88863.9,90230.4,91596.9,92963.4,94329.9,95696.3,97062.8,98429.2,99795.7,101162.2,102528.7,103895.1,105261.6,106628.1,107994.6,109361.1,110725.3,112091.8,113458.3,114824.7,116191.2,117557.7,118924.2,120290.6,121657.1,123023.6,124390,125756.5,127123,128489.5,129856,131222.5,132588.9,133955.4,135321.9,136688.4,138054.8,139421.8,140788.3,142154.8,143521.2,144887.7,146254.1,147620.6,148987.1,150353.5,151720,153086.5,154453,155819.5,157186,158552.5,159919,161285.4,162651.9,164018.4,165383.5,166750,168116.4,169620.9
Temp. [°C],37.6,37.7,37.4,37.8,37.6,36.8,37,37.2,37.6,37.7,37,37.1,37.5,37.7,37.6,37.1,37.7,37.1,37.5,36.8,37.8,37,37.7,37.1,37.7,37.8,36.9,36.9,37.2,37.4,37.6,37.6,37.7,37.6,37.5,37.4,37,36.9,37.7,37.5,37,37.3,37.7,37.2,36.8,37.7,37.4,37,36.9,36.8,37,37.2,37.6,37.8,37,37.1,37.2,37.8,36.8,37.4,37.7,36.8,37.4,37.7,37,37.8,37.2,37.6,37.5,37.1,36.9,36.9,37.8,37.5,36.9,37.7,37.5,37,37.8,37.2,37.8,37.1,37.7,37.6,37,37.4,37.7,37.7,37.7,37.6,37.5,37.7,37.8,37.7,37.5,37.2,36.8,37.6,37.7,37.4,37.1,37.1,37.7,37.2,37.3,37.5,36.8,37.8,37.2,37.7,37.4,37.3,37.5,36.8,37.6,37.7,37.4,37,36.8,37.2,37,36.8,37.1,37.4,37.2
A1,195,190,186,185,185,180,178,176,177,175,175,168,170,171,171,173,173,170,175,172,176,175,177,179,181,177,182,186,185,185,187,187,185,188,188,188,192,191,191,194,190,190,190,192,192,192,189,195,196,190,193,194,194,191,192,192,193,194,192,193,194,195,194,196,193,197,197,194,193,197,195,196,195,196,194,197,201,197,196,200,198,199,200,204,199,202,206,204,202,212,208,206,211,211,213,210,210,212,210,210,213,211,213,211,210,208,209,211,214,213,212,209,209,213,211,213,217,215,213,214,214,213,213,214,210
A2,194,191,190,185,187,185,184,180,182,179,180,176,178,175,174,174,170,173,172,173,172,168,170,170,171,170,170,171,174,174,176,173,177,175,177,180,179,178,185,181,182,182,185,189,188,184,189,187,189,190,188,187,191,190,190,192,187,189,194,191,191,193,192,191,193,191,193,193,190,193,193,195,191,194,195,193,197,193,192,193,196,195,195,190,194,194,192,193,194,192,197,192,198,193,196,195,195,195,195,198,200,201,198,204,206,207,206,208,206,207,209,209,209,210,211,210,206,205,210,213,208,212,212,212,211
A3,195,192,187,187,187,187,183,182,183,181,179,180,176,175,179,175,176,176,174,175,173,170,172,169,172,169,173,171,171,172,171,169,172,171,170,176,174,179,177,174,180,178,180,179,181,185,182,186,184,188,189,189,185,189,189,190,190,191,189,190,189,188,193,191,190,189,194,191,196,194,195,195,189,193,191,194,192,193,193,195,194,189,197,195,192,193,195,193,193,192,193,189,192,195,196,192,192,198,195,194,194,195,195,195,197,195,199,196,193,196,197,199,201,203,203,206,205,206,207,207,212,209,209,208,211
A4,195,194,191,190,187,187,185,180,184,181,179,182,180,177,178,176,177,180,175,172,174,173,172,171,172,171,170,172,171,168,170,169,169,169,173,172,171,174,173,174,176,177,175,179,178,178,179,180,180,184,183,189,184,188,184,185,188,187,184,186,189,190,189,192,190,192,194,190,192,190,193,195,191,191,192,194,194,193,192,193,194,193,195,193,194,192,190,193,193,198,197,194,192,196,192,194,197,194,195,195,199,194,196,195,197,196,195,194,196,198,196,198,196,199,195,196,198,199,198,202,201,202,204,203,207
A5,192,187,187,181,184,181,179,179,176,174,174,175,176,174,175,173,174,172,174,175,171,169,168,169,170,168,173,171,172,171,170,171,172,177,173,175,175,179,173,175,178,176,175,178,180,181,178,181,186,184,185,189,185,185,184,190,188,190,191,188,188,190,192,189,190,191,191,191,192,195,192,194,190,189,191,193,194,196,191,196,196,188,192,195,191,192,195,194,191,195,193,191,193,193,193,195,195,200,194,196,194,197,195,192,195,199,195,193,198,199,194,197,194,197,196,192,202,198,198,200,201,202,199,199,204
A6,187,184,181,176,178,175,172,175,170,174,172,172,170,171,171,172,171,172,173,173,169,172,172,171,173,172,172,171,173,171,174,177,173,175,174,177,173,177,182,180,177,179,180,181,180,181,184,184,187,186,187,186,186,185,187,188,192,189,186,189,190,188,190,192,193,192,189,191,193,193,192,195,188,191,195,196,191,196,197,190,195,195,195,191,194,190,196,195,196,193,195,194,192,198,196,196,191,196,195,194,193,195,196,197,194,198,195,200,194,199,198,198,199,198,195,198,196,193,200,200,198,199,197,201,201
A7,194,191,188,191,186,189,186,185,185,186,182,180,179,181,181,181,177,184,180,179,178,174,180,172,172,175,171,173,172,170,170,170,170,174,167,170,168,171,167,169,169,167,168,170,171,170,170,176,178,174,172,174,174,172,176,176,179,178,182,182,182,181,181,186,184,183,186,184,186,187,187,189,188,188,190,188,189,188,187,190,189,191,190,192,189,190,192,190,193,191,194,192,191,190,190,192,190,192,191,191,194,193,194,193,195,192,194,194,191,192,195,196,195,193,192,196,196,190,196,193,196,197,191,196,197
A8,187,182,179,173,177,175,176,174,171,172,173,171,169,170,171,173,169,172,173,170,170,170,171,170,169,167,169,169,170,167,167,171,169,171,172,173,171,173,173,171,170,173,172,177,173,180,177,178,180,179,181,180,180,182,177,185,182,183,185,184,181,185,185,187,184,188,186,187,189,192,187,191,190,187,187,196,187,188,186,187,191,194,193,192,190,192,190,192,192,192,190,192,192,194,190,190,191,192,190,191,195,189,195,191,195,192,189,191,191,193,191,190,194,194,194,193,195,195,197,192,195,192,195,197,194
A9,195,188,186,185,188,185,186,185,185,182,184,182,181,178,181,179,180,181,179,177,175,174,178,177,174,173,171,173,172,171,175,169,169,170,172,171,176,173,171,173,171,175,170,171,169,171,176,177,173,175,172,172,174,176,170,175,182,178,178,179,182,180,180,182,180,182,184,182,184,184,186,185,186,186,189,187,189,190,190,191,190,192,192,189,194,195,192,190,193,194,194,193,195,195,191,191,194,194,193,194,197,192,193,193,193,192,194,192,195,194,194,195,194,197,194,195,196,196,195,198,194,196,195,196,194
A10,191,193,192,189,185,189,187,184,186,186,184,183,181,180,183,185,181,185,181,181,182,179,181,178,175,178,175,177,175,175,175,172,173,171,170,174,172,171,169,169,171,168,172,171,170,170,172,170,172,171,172,171,170,171,170,175,171,171,173,176,175,175,178,176,177,179,175,180,180,182,184,181,183,182,183,182,182,184,184,185,184,184,189,185,186,189,184,189,185,191,188,188,187,190,190,190,189,189,187,195,192,192,191,192,193,190,191,195,194,191,191,193,193,191,193,194,196,195,192,196,194,195,194,193,194
A11,195,191,187,190,186,187,183,184,185,183,182,185,182,181,181,182,181,183,180,181,180,177,178,175,174,175,176,174,177,173,179,173,173,168,170,172,171,171,170,171,169,172,171,169,169,172,169,173,169,171,171,171,173,171,172,172,172,174,175,173,175,174,178,178,176,176,175,178,177,181,184,183,186,184,184,183,187,185,186,190,187,190,188,188,190,193,187,183,188,188,190,186,190,189,191,191,190,190,188,193,191,191,194,195,193,193,190,194,188,192,191,188,195,192,196,194,197,193,193,193,195,198,195,194,195
A12,196,189,185,183,184,183,179,179,177,179,178,178,179,172,177,179,173,174,174,177,175,170,169,175,172,170,171,171,172,169,175,171,171,174,171,178,174,176,176,176,177,177,180,180,178,181,181,182,180,180,185,185,182,187,184,189,186,185,186,190,190,188,186,190,190,190,189,191,192,190,191,194,189,189,191,191,194,192,191,194,193,194,192,193,192,191,193,190,191,194,191,195,192,193,194,195,192,194,192,195,192,194,189,194,192,194,195,191,191,195,192,194,194,196,198,195,196,195,197,196,197,194,196,197,195
B1,194,192,190,191,189,185,184,185,182,181,181,177,178,177,174,177,172,177,176,172,171,170,171,171,172,172,173,172,171,170,174,172,175,176,173,179,179,183,184,180,180,180,183,183,183,184,188,188,193,189,187,190,191,187,190,189,192,194,194,193,191,189,190,191,197,195,190,191,193,192,193,191,194,193,197,193,195,195,195,191,192,195,191,194,193,191,194,192,195,194,194,195,192,193,194,197,194,192,190,196,195,193,196,197,197,202,197,197,197,194,200,196,197,197,202,202,202,203,208,203,208,205,210,210,210
B2,202,194,194,191,191,193,189,190,193,191,192,192,192,194,194,193,189,192,196,190,189,197,193,193,188,192,190,192,190,185,191,191,190,193,191,190,188,189,188,189,192,189,188,183,184,186,187,189,187,189,188,188,186,184,189,188,185,190,189,190,191,190,190,190,194,197,195,193,196,205,205,204,204,208,214,216,216,218,222,222,226,229,241,242,245,247,249,248,246,251,252,250,253,251,252,255,251,249,249,252,252,250,249,253,253,255,256,252,260,261,256,258,254,255,258,254,253,253,258,252,259,255,255,255,262
B3,200,195,196,192,191,187,191,194,192,194,195,188,192,191,192,190,195,192,193,191,193,193,191,196,192,194,191,192,188,193,192,192,191,194,191,193,189,192,191,192,191,189,190,187,188,190,191,193,189,193,192,190,190,190,191,191,191,187,191,189,193,190,196,194,190,189,192,195,191,195,193,198,193,200,201,198,203,203,203,208,209,207,209,210,219,219,219,222,227,231,241,245,249,246,249,246,253,251,247,251,253,251,251,251,253,255,251,254,250,255,255,256,253,255,255,253,256,256,257,258,258,262,256,254,262
B4,194,187,186,187,183,184,185,183,180,181,182,182,183,183,182,181,181,184,185,185,182,183,180,183,184,181,181,178,179,184,185,181,183,181,183,182,180,184,180,182,184,184,186,182,182,181,184,186,186,188,189,190,188,188,191,188,190,190,194,195,197,198,198,199,204,204,205,212,213,214,221,224,228,228,243,242,242,245,243,246,248,244,249,244,248,246,245,245,245,248,247,242,250,245,247,247,247,250,249,245,251,250,254,248,251,253,250,252,257,250,255,255,254,256,257,254,255,254,261,255,256,259,259,258,259
B5,216,207,202,198,202,199,202,200,199,199,201,203,201,199,202,204,206,202,199,202,205,199,204,200,202,202,201,201,199,202,203,197,203,204,204,206,202,205,203,207,204,208,208,210,210,211,218,215,216,223,225,230,229,227,244,251,251,264,263,272,287,301,312,340,349,363,403,419,428,427,426,427,423,425,425,422,420,418,414,414,409,414,416,411,411,414,413,419,415,419,411,411,412,413,413,411,410,413,412,413,414,409,412,414,413,410,413,414,411,407,411,411,414,417,418,411,412,412,413,409,412,413,411,413,409
B6,215,206,204,203,202,203,204,199,198,202,203,202,203,199,202,202,201,202,198,201,199,203,202,202,201,201,200,201,202,202,202,201,202,206,203,205,204,201,202,207,204,209,208,207,208,208,210,211,214,215,215,228,222,224,231,238,245,244,250,253,264,277,290,301,313,331,355,382,419,440,432,433,447,429,448,430,436,428,440,432,428,432,427,419,439,439,421,429,439,424,441,419,435,419,444,423,423,438,416,423,423,420,417,422,435,423,424,421,417,433,417,413,412,437,428,430,438,425,422,427,439,425,420,424,422
B7,212,206,202,204,202,202,198,201,199,203,204,204,200,204,203,205,201,203,202,198,203,205,202,205,202,204,205,201,203,204,203,201,202,203,205,207,204,208,206,206,210,207,211,211,213,212,215,222,222,225,226,227,232,235,242,245,253,262,271,280,287,304,321,334,342,344,341,345,345,351,347,339,344,345,346,345,342,342,346,341,343,344,344,341,340,347,344,346,346,340,346,340,347,344,345,348,350,351,345,348,347,349,353,351,348,350,354,350,351,355,355,359,356,360,359,362,361,364,364,362,366,368,367,361,371
B8,207,203,201,199,200,196,201,197,202,198,198,196,199,202,198,200,198,199,200,198,199,203,198,206,201,198,200,200,198,201,200,203,205,204,205,201,206,205,201,202,203,204,203,206,208,209,206,207,212,207,213,214,215,216,212,218,217,220,220,222,227,232,234,231,237,244,244,254,255,260,267,274,278,278,294,302,306,322,324,341,356,364,383,399,423,441,461,487,507,538,567,607,641,682,727,784,833,907,970,1062,1139,1234,1334,1449,1579,1727,1857,2021,2208,2370,2571,2705,2804,2900,2965,3003,3020,3062,3060,3067,3085,3088,3086,3101,3092
B9,206,200,202,199,201,198,197,197,200,201,200,197,198,195,198,199,199,199,201,201,197,202,197,201,201,203,198,200,198,200,199,202,201,203,204,202,203,202,201,202,203,202,205,204,202,199,204,206,207,211,210,209,211,211,215,212,220,220,219,222,225,224,230,231,235,237,242,242,247,251,258,261,267,270,282,284,295,309,314,329,341,347,361,380,396,416,435,454,480,513,534,578,611,653,702,754,819,874,940,1014,1095,1181,1281,1385,1516,1658,1820,1992,2152,2351,2549,2722,2809,2906,3000,3020,3058,3076,3106,3094,3105,3133,3139,3149,3137
B10,207,202,199,200,197,201,197,195,199,200,201,196,199,198,200,196,200,201,200,200,200,201,199,202,197,201,204,200,198,203,202,200,199,199,203,198,201,203,199,204,204,204,204,205,207,207,211,208,212,210,209,214,217,219,220,221,231,228,237,239,242,254,261,263,272,307,297,313,340,354,367,399,425,460,477,482,478,478,476,473,469,475,478,471,472,473,467,469,471,470,472,467,468,466,469,473,469,468,474,466,471,475,468,466,472,477,473,475,473,474,475,472,480,481,481,484,485,486,489,484,482,485,490,485,485
B11,205,200,196,202,196,196,197,198,195,198,196,197,197,201,196,202,197,197,201,198,195,198,195,197,199,197,198,197,195,195,200,197,198,201,199,198,201,200,197,201,202,203,205,200,209,202,207,210,207,218,213,212,213,214,216,218,226,229,235,244,249,258,270,260,268,281,291,305,322,339,380,395,417,454,500,501,514,501,503,507,498,504,510,493,503,493,497,490,496,493,495,487,491,488,492,487,488,490,489,488,490,485,499,495,488,492,491,496,495,490,488,499,495,496,495,497,496,498,493,498,498,498,496,493,500
B12,193,190,189,188,188,187,185,182,184,180,183,183,183,183,187,184,181,183,184,181,179,180,179,181,181,179,180,176,171,175,176,172,173,175,178,173,170,174,171,175,168,173,171,173,170,171,173,170,169,172,170,171,170,168,168,176,173,174,173,171,175,170,174,173,176,173,173,175,169,178,178,175,176,178,178,175,180,179,173,181,178,177,183,181,179,183,181,179,182,184,184,183,182,182,182,184,185,182,184,184,186,187,188,189,185,188,185,186,190,189,189,189,189,191,188,189,191,193,190,188,194,192,193,191,191
C1,199,191,190,189,185,186,182,182,183,184,182,180,179,176,178,180,175,178,172,174,171,172,172,173,169,167,171,168,168,167,168,170,168,171,174,169,177,173,180,177,175,176,179,182,182,182,179,182,182,182,184,187,188,184,188,187,187,185,188,183,187,186,190,185,189,193,193,190,190,193,190,195,193,194,191,189,191,193,188,190,191,188,190,194,193,191,192,196,192,191,194,192,195,190,196,195,194,192,194,191,191,192,197,194,193,196,190,194,197,192,197,194,194,197,193,193,197,198,196,196,202,196,199,197,200
C2,218,213,207,210,207,205,206,205,203,202,207,203,202,203,201,206,206,203,205,204,201,204,204,203,203,204,198,203,199,203,201,200,203,199,203,202,204,201,202,204,204,202,204,202,207,205,205,212,208,215,220,218,216,220,218,231,228,239,248,252,261,270,277,290,306,316,337,357,387,415,449,486,539,585,639,710,780,869,946,985,989,984,983,977,973,962,958,954,957,953,944,950,942,950,938,934,930,931,926,923,920,923,924,921,914,909,907,908,911,903,904,897,886,891,887,901,891,872,881,872,878,865,867,861,853
C3,212,203,205,204,200,198,201,202,199,201,200,200,200,202,200,204,199,200,203,203,197,202,199,204,202,202,199,201,203,203,197,202,198,201,201,201,206,204,206,206,206,207,203,203,210,209,212,211,213,213,214,214,222,228,231,234,235,246,250,250,262,271,278,299,311,323,341,365,385,417,451,491,527,579,638,694,772,853,937,984,998,1001,987,996,988,987,979,980,971,982,962,973,971,968,971,960,963,957,963,958,958,957,954,956,960,957,953,956,959,957,943,948,953,958,949,951,953,945,952,938,946,943,946,945,945
C4,199,195,194,195,195,191,192,192,190,192,194,191,194,190,193,196,195,195,193,194,193,194,191,195,190,191,192,195,193,195,192,195,193,195,199,196,194,197,196,196,192,193,197,197,198,196,196,200,200,198,198,202,205,201,203,206,204,203,207,206,207,213,207,213,216,213,221,218,229,228,233,232,235,229,237,234,235,236,236,237,234,235,240,234,236,237,237,239,237,238,240,236,238,237,242,240,241,242,244,238,245,246,245,242,246,247,246,248,248,246,250,247,250,251,247,250,254,252,253,256,249,250,253,252,259
C5,198,195,195,193,192,192,191,190,187,192,190,190,190,188,190,193,186,191,193,192,191,190,191,191,191,192,192,191,189,194,187,193,194,190,194,189,197,199,192,195,192,196,192,192,193,194,194,198,196,195,195,195,200,198,202,198,202,202,202,202,205,204,202,207,208,209,212,211,216,214,220,225,231,224,233,227,227,234,231,232,227,232,230,233,230,234,235,236,239,232,231,235,235,233,239,235,238,238,240,238,237,236,241,240,241,244,243,244,239,243,244,243,241,247,243,247,247,244,250,250,247,250,246,246,253
C6,194,191,189,189,191,186,190,190,189,186,191,190,191,193,189,190,191,193,189,191,189,187,193,190,192,190,193,191,190,193,191,191,193,194,190,189,195,190,193,192,189,192,192,193,192,192,197,197,198,193,199,198,200,199,197,199,202,203,202,205,207,202,204,207,210,210,214,217,216,220,227,226,230,229,230,231,229,230,233,233,234,234,230,233,233,232,233,237,236,235,239,237,235,235,236,238,236,238,236,239,238,241,239,234,239,241,244,241,244,240,241,248,247,239,244,245,244,247,246,248,252,247,250,248,251
C7,198,191,196,195,197,188,190,191,193,188,189,193,192,192,193,194,192,194,193,196,193,195,196,193,193,193,195,194,192,192,192,193,194,194,196,196,195,196,195,194,194,198,192,193,196,195,195,196,196,202,198,198,200,194,196,199,205,206,202,204,205,207,209,210,209,210,212,213,214,216,222,228,230,230,232,230,232,231,231,236,233,233,235,233,239,233,237,235,238,237,238,238,240,240,241,241,238,238,238,238,241,240,242,240,243,240,244,244,243,244,245,243,243,240,244,248,247,250,248,249,250,250,251,252,251
C8,213,207,202,198,197,197,201,198,200,198,196,199,197,199,199,199,202,195,198,199,200,201,198,199,203,198,201,198,201,200,203,197,200,203,204,202,200,202,207,206,206,206,207,211,209,210,213,216,222,219,229,228,237,259,251,254,263,269,284,301,312,313,312,316,313,311,314,313,313,314,312,312,307,312,310,313,309,314,312,315,312,308,310,313,311,313,312,315,315,313,315,317,317,317,318,319,317,316,320,321,320,323,326,323,322,326,330,325,324,330,327,334,334,335,337,337,339,338,341,343,340,341,346,343,345
C9,209,198,201,198,198,196,197,197,199,199,198,199,199,192,199,195,196,196,198,194,197,200,196,199,200,198,197,195,199,199,201,199,198,197,200,201,200,206,203,201,204,206,207,209,213,212,214,218,223,227,238,232,240,246,254,268,295,281,282,284,283,287,284,281,285,281,284,278,278,284,283,284,280,279,284,279,280,277,284,285,286,290,285,285,286,288,286,288,288,293,289,286,293,288,291,295,298,292,293,300,297,295,295,296,300,299,301,304,304,311,306,309,311,314,311,316,319,317,317,322,322,324,322,328,325
C10,212,199,197,197,196,196,199,197,198,198,196,193,194,193,200,197,195,200,197,204,193,195,194,198,197,199,195,198,196,196,201,194,200,200,199,200,202,202,201,203,203,206,206,207,209,210,218,219,218,228,226,233,247,249,247,259,268,288,298,308,318,323,317,318,319,315,314,316,312,317,315,312,314,315,313,312,310,313,306,313,321,314,315,313,314,313,314,317,315,317,318,321,319,315,320,319,321,319,325,320,325,325,324,326,330,330,324,331,331,330,332,330,340,334,334,335,339,341,341,340,345,340,343,347,348
C11,207,203,197,195,198,195,196,195,196,190,195,200,193,199,197,200,200,194,196,196,194,197,196,195,198,199,197,197,199,197,200,198,198,200,201,201,202,200,201,202,200,202,207,207,203,212,217,219,220,221,228,234,235,265,250,259,279,286,286,306,322,326,327,329,328,325,325,325,327,325,326,321,327,323,322,321,320,319,321,323,324,321,321,317,323,319,319,324,325,324,327,321,327,325,324,326,334,329,328,331,330,327,333,331,329,335,333,334,337,337,337,336,343,343,341,344,342,344,345,344,342,346,348,349,349
C12,195,189,192,188,187,188,184,183,181,187,186,184,182,184,179,180,183,179,185,180,178,182,180,181,178,179,179,181,177,175,176,178,175,176,178,174,169,174,174,174,171,170,173,170,171,169,168,169,171,170,170,174,169,169,169,170,170,170,173,171,168,171,173,172,171,173,170,172,173,175,174,175,174,174,175,175,176,178,177,177,174,175,174,178,179,178,178,180,178,182,179,183,179,178,180,183,183,182,179,181,182,183,183,184,186,185,184,187,186,184,185,186,188,189,185,188,189,191,188,189,190,190,189,189,193
D1,191,189,188,186,184,184,182,182,184,180,182,180,180,175,179,178,175,174,178,175,172,172,173,169,170,169,164,169,168,165,167,167,167,166,167,167,167,168,167,168,171,170,170,170,172,177,172,173,177,179,176,177,179,177,179,177,182,181,182,181,182,184,182,181,184,183,184,184,183,182,186,188,186,191,186,188,187,194,184,187,191,186,186,189,186,188,188,187,192,187,188,186,187,186,189,186,185,192,194,189,192,190,188,188,188,189,191,188,192,190,189,194,194,192,191,187,193,190,190,190,192,190,197,192,191
D2,212,207,199,204,199,199,199,197,199,199,200,202,203,199,198,203,203,199,199,199,199,199,204,204,199,198,201,201,199,200,200,201,199,200,204,205,203,205,210,203,203,208,206,204,210,207,212,210,216,214,220,218,222,227,226,235,282,269,271,294,285,288,283,285,287,285,299,309,323,328,344,351,364,383,401,424,441,465,498,525,562,596,639,690,757,813,886,975,1059,1128,1235,1352,1465,1580,1718,1869,2017,2121,2233,2247,2299,2298,2331,2373,2361,2400,2421,2429,2419,2432,2431,2430,2441,2442,2428,2402,2442,2426,2439,2418,2415,2421,2407,2412,2399
D3,214,205,206,206,205,204,204,202,202,203,203,201,205,204,204,203,202,205,205,202,205,203,204,210,204,207,202,205,206,207,204,205,206,205,211,211,208,208,213,208,209,214,212,216,210,214,218,219,220,220,225,226,231,240,236,242,278,256,290,304,280,277,288,288,306,301,307,314,331,337,348,365,379,392,413,432,458,483,516,536,569,608,647,696,753,817,885,953,1045,1139,1215,1312,1425,1524,1640,1745,1854,1948,2016,2059,2101,2157,2220,2255,2302,2325,2340,2362,2383,2398,2397,2408,2418,2429,2436,2438,2447,2451,2460,2458,2453,2478,2486,2483,2482
D4,208,203,202,204,201,202,199,197,201,199,201,199,202,201,202,200,199,194,202,201,198,201,200,201,202,200,202,203,204,199,201,206,200,202,202,204,206,204,203,204,209,208,214,210,212,212,212,217,218,220,223,223,228,228,231,237,246,241,253,257,267,281,275,279,286,292,297,310,312,328,339,351,370,379,399,414,433,460,481,511,540,576,610,654,702,754,814,882,959,1042,1111,1217,1310,1414,1540,1669,1789,1922,2026,2120,2190,2268,2321,2372,2395,2413,2450,2468,2491,2497,2494,2512,2537,2549,2528,2526,2537,2565,2535,2532,2572,2572,2567,2560,2550
D5,209,201,198,197,199,194,197,193,196,193,196,196,196,193,198,196,194,196,198,196,197,197,200,199,200,193,196,198,198,199,195,195,199,200,203,202,201,200,201,203,203,204,203,205,205,207,207,209,210,213,213,215,219,217,224,227,234,233,238,257,250,252,270,289,269,267,278,286,295,299,314,320,337,350,357,373,387,408,427,447,478,501,532,557,601,645,679,732,802,866,932,1012,1088,1176,1276,1396,1508,1656,1775,1925,2055,2177,2285,2334,2373,2397,2439,2473,2499,2491,2501,2518,2540,2528,2543,2562,2544,2550,2556,2564,2572,2572,2560,2556,2547
D6,242,240,232,232,234,233,232,232,233,235,231,226,233,230,233,238,234,235,236,239,234,231,230,234,232,233,231,233,234,231,233,231,230,231,232,228,232,236,232,233,236,238,234,240,237,238,239,240,246,247,248,251,254,258,260,262,279,284,286,300,307,309,324,336,361,379,392,421,424,431,431,429,439,428,425,430,427,425,425,424,424,426,423,425,424,422,417,422,426,418,421,422,419,415,426,422,428,428,422,430,428,432,428,433,429,434,432,433,443,438,433,435,437,441,438,438,441,437,443,445,445,447,450,445,448
D7,208,205,196,197,196,196,199,194,196,198,198,196,197,197,196,198,197,196,198,197,191,197,196,195,200,196,192,198,199,196,199,198,194,198,197,198,202,199,197,202,200,200,200,207,207,204,204,204,210,210,214,220,221,222,223,230,241,249,247,259,268,282,291,304,320,348,354,352,350,357,354,351,352,349,348,348,352,352,344,351,351,352,351,345,351,346,349,347,350,348,343,349,352,347,347,355,350,351,353,348,349,358,358,360,361,363,360,368,366,364,367,365,368,373,370,371,374,371,375,375,375,374,376,381,383
D8,207,200,198,201,197,196,198,198,197,196,199,195,196,195,199,198,197,195,200,199,197,197,199,203,197,199,198,198,201,199,198,197,198,199,201,196,205,201,200,200,202,198,205,203,202,205,205,210,203,211,216,223,217,218,224,226,233,237,256,256,256,267,279,290,324,319,346,374,393,396,393,390,387,389,396,390,390,392,394,391,389,385,388,388,390,394,386,386,389,395,388,397,387,390,391,384,396,396,394,397,392,396,393,395,395,392,400,401,402,403,396,398,404,407,404,402,404,408,407,407,407,413,407,415,416
D9,191,181,181,178,175,174,174,175,173,177,177,175,177,174,174,176,175,176,176,174,176,181,175,175,176,179,177,176,176,175,177,178,183,179,179,179,179,181,179,183,179,181,183,184,183,185,188,190,188,196,191,192,194,200,208,216,223,210,227,242,228,231,250,254,276,262,277,312,317,336,363,387,406,430,446,443,439,438,437,432,441,437,443,441,441,442,445,445,444,447,450,453,454,453,459,455,459,455,461,455,462,465,464,461,464,471,466,472,470,471,472,476,477,472,474,475,478,480,478,478,476,485,485,480,488
D10,200,195,189,193,195,191,193,191,194,192,195,193,193,191,191,195,192,195,194,193,193,191,195,195,193,194,194,193,192,191,195,189,190,194,194,194,196,195,194,196,197,190,195,192,196,193,194,195,196,194,195,192,194,194,190,194,195,196,196,195,195,195,193,194,193,193,196,192,195,195,198,194,198,196,196,195,198,197,195,194,196,195,196,198,195,197,196,200,194,195,196,200,197,198,196,202,200,200,199,201,201,201,202,202,205,200,206,203,210,209,208,215,213,215,215,216,218,226,223,225,229,232,242,249,247
D11,199,192,192,193,191,192,196,192,195,187,192,190,191,191,193,194,193,191,195,190,192,192,193,191,191,193,196,192,196,198,191,194,193,194,195,192,195,193,194,194,193,195,194,190,193,196,191,195,195,192,191,194,190,194,195,193,191,192,194,192,193,190,195,194,194,193,192,194,197,194,195,194,188,192,196,195,193,194,194,193,190,195,198,190,196,194,197,195,195,197,201,197,201,197,198,202,198,198,199,202,199,202,205,207,204,208,208,211,210,211,214,221,225,224,228,229,240,241,243,242,245,245,245,242,246
D12,201,193,192,194,190,187,189,187,187,190,187,188,189,191,191,186,187,186,188,187,185,186,182,184,182,180,182,181,178,179,180,177,178,181,176,178,179,175,175,174,178,175,176,171,173,170,171,173,174,174,173,172,178,172,175,169,170,174,171,170,171,175,170,171,173,174,174,174,175,175,175,172,176,174,176,176,177,178,177,176,176,178,180,182,180,179,180,182,181,181,181,178,182,181,181,183,183,182,184,186,182,184,186,184,191,185,187,185,188,188,189,187,188,187,191,187,191,188,190,187,190,192,188,191,194
E1,196,192,190,184,183,181,182,182,179,178,180,180,179,179,179,177,174,176,175,174,175,175,176,169,170,169,174,169,170,168,169,171,168,170,172,169,172,169,174,173,171,171,169,171,175,172,176,175,176,173,175,178,180,178,175,177,180,177,183,180,182,183,183,182,183,184,184,184,187,184,189,185,189,189,187,189,188,190,188,190,189,187,190,188,188,190,192,190,193,192,193,191,192,193,191,193,193,193,191,194,192,193,196,193,196,193,196,192,196,194,195,190,198,194,192,192,193,194,197,194,195,195,196,193,197
E2,202,195,189,195,192,189,191,189,191,190,193,188,191,192,190,191,189,190,192,195,195,192,190,190,195,194,193,190,190,189,189,189,191,196,187,190,191,189,188,192,189,188,192,188,187,190,189,188,189,190,191,193,191,189,188,188,188,190,189,191,188,186,187,188,188,189,188,188,188,187,189,189,190,189,187,190,190,190,188,191,186,188,187,187,186,186,187,188,187,190,190,193,192,191,188,186,192,189,192,191,191,192,192,193,194,196,196,203,199,199,199,206,206,207,209,213,215,219,217,223,234,236,240,243,238
E3,204,202,195,193,195,193,197,192,193,191,194,194,195,193,190,195,194,192,193,199,194,196,193,197,192,193,191,193,192,197,194,194,194,193,192,194,193,192,194,196,194,193,194,195,193,192,197,191,195,194,192,194,198,197,193,194,192,196,196,190,198,193,195,196,193,193,197,196,193,193,195,195,198,195,197,195,194,194,193,197,194,196,202,194,199,197,198,196,199,197,200,199,199,199,200,198,201,202,203,205,201,207,206,209,209,210,216,212,213,218,225,219,222,225,237,232,245,244,248,251,244,248,248,246,252
E4,215,210,208,203,202,205,201,203,200,199,201,203,195,199,202,198,200,198,204,205,203,204,202,206,205,199,200,205,203,199,201,209,201,200,199,202,202,206,206,203,208,205,208,209,211,218,216,219,219,227,231,234,242,246,254,261,266,281,298,310,328,349,374,404,436,474,522,575,638,720,754,776,772,768,762,758,755,760,749,746,740,746,739,743,732,737,730,733,732,729,722,729,728,725,723,720,722,724,721,725,714,722,720,717,714,718,719,716,712,706,711,713,708,708,707,713,714,710,711,700,701,708,713,702,711
E5,207,200,197,196,197,195,194,196,193,193,194,195,193,194,198,198,196,194,200,192,196,197,197,197,196,193,195,196,200,195,196,197,195,199,197,198,197,200,199,202,197,204,200,208,205,205,210,209,212,223,219,223,230,235,238,246,255,264,280,289,307,328,350,375,407,441,486,531,586,639,727,754,761,765,758,759,747,748,752,741,743,745,738,735,737,726,728,727,729,731,723,726,720,720,723,711,724,723,722,721,715,717,719,712,708,708,711,715,717,707,707,708,718,708,705,693,706,707,703,703,707,702,699,703,706
E6,211,198,197,199,195,199,197,194,195,194,198,198,194,196,203,195,203,195,199,195,196,198,200,201,196,197,196,197,198,195,197,202,200,195,203,197,199,201,203,202,205,205,208,207,208,210,211,219,220,229,225,236,240,250,261,267,273,293,308,328,351,379,405,444,486,526,582,648,728,753,760,757,746,752,742,749,746,741,736,734,732,734,731,726,731,725,724,722,712,724,717,723,720,722,720,701,712,711,706,709,708,711,710,708,699,706,708,711,701,706,699,700,712,703,704,703,704,705,701,697,702,705,705,699,703
E7,209,202,199,195,197,199,197,195,193,193,196,194,198,195,193,197,194,197,201,194,200,200,196,196,195,200,203,196,195,198,200,194,197,200,200,197,203,200,202,202,204,205,206,207,211,215,212,212,221,227,229,238,242,253,255,268,277,294,306,329,357,382,414,450,486,535,598,662,726,747,753,750,747,745,742,734,733,737,728,731,719,729,724,718,718,720,725,721,719,715,713,716,709,709,710,701,707,705,717,707,707,705,706,703,703,707,699,701,698,702,706,704,698,703,701,692,709,707,705,697,705,701,703,702,703
E8,212,203,199,201,200,196,201,201,196,193,195,196,200,200,197,196,198,196,200,200,199,200,200,196,196,199,199,201,201,202,200,196,199,198,201,201,200,202,206,202,205,202,203,204,203,206,202,207,206,208,211,207,210,211,209,208,211,212,214,212,212,211,215,210,213,212,213,212,213,213,214,214,216,215,215,219,216,218,216,217,218,215,217,216,217,218,217,218,220,218,219,218,219,222,218,219,228,219,220,222,228,223,224,225,226,227,227,226,227,229,229,227,229,229,227,231,237,237,232,240,236,241,243,243,245
E9,213,204,201,199,201,200,202,198,196,198,198,196,195,196,198,200,196,197,202,199,201,198,202,197,199,200,202,201,199,198,198,195,200,199,199,200,202,200,203,197,201,198,202,200,203,200,197,202,204,204,203,201,201,204,206,202,205,206,202,205,203,205,205,211,207,208,203,205,207,209,204,206,207,206,201,207,204,205,202,206,206,207,204,204,209,206,204,207,206,209,206,212,210,210,207,208,213,210,210,210,208,209,208,210,212,210,211,210,215,212,208,213,213,214,213,208,214,212,211,212,212,216,212,216,217
E10,217,205,200,203,199,199,200,200,199,203,203,198,202,198,198,199,203,204,203,201,199,202,203,201,200,203,203,200,199,202,205,199,201,203,205,206,202,203,205,207,204,209,208,208,206,206,207,208,211,209,209,209,209,211,211,212,211,216,211,209,213,214,215,216,214,216,212,212,214,216,213,210,213,218,219,219,214,215,215,218,214,220,219,215,220,223,218,217,217,218,220,220,222,219,221,218,224,218,220,221,219,224,224,222,223,222,222,223,229,224,227,229,229,231,233,229,232,229,231,237,230,229,236,236,240
E11,207,202,199,203,197,195,198,200,198,197,202,198,200,201,198,196,195,198,199,202,202,200,201,202,199,197,201,204,201,197,198,202,201,199,200,196,199,199,198,200,203,202,203,203,203,202,205,203,206,205,207,203,206,207,206,207,207,207,207,207,208,206,208,208,206,210,208,206,208,209,211,211,212,211,209,207,207,208,208,206,210,211,210,211,207,208,209,211,208,211,213,212,208,211,210,208,209,208,212,212,212,212,212,208,209,214,210,210,211,212,215,210,214,213,216,211,214,215,214,214,216,213,214,217,220
E12,200,196,191,190,187,189,186,189,186,189,191,187,185,184,181,186,183,182,181,186,183,182,181,181,182,179,178,180,178,179,176,177,179,178,178,176,178,177,177,171,175,171,173,171,172,171,168,173,175,171,171,173,172,175,172,173,173,172,172,175,178,177,176,179,176,173,180,181,177,178,182,183,179,182,182,183,181,182,184,182,186,186,184,183,182,186,184,189,186,190,185,189,187,187,191,194,192,190,189,188,190,195,191,190,191,191,194,191,193,193,197,195,197,197,196,193,193,194,191,198,196,196,198,196,199
F1,201,200,193,191,193,192,189,191,190,189,190,190,185,191,186,187,184,185,182,181,182,183,178,180,181,178,178,179,177,176,175,170,173,170,172,170,170,170,171,173,170,170,171,171,170,169,171,169,170,171,172,171,176,169,174,174,176,170,175,176,176,176,175,178,179,178,179,179,182,182,177,180,182,181,182,186,184,180,185,184,182,183,187,183,186,187,185,188,188,188,186,186,189,186,189,191,191,191,187,191,190,190,193,194,193,191,193,197,193,192,192,194,194,194,193,194,196,197,196,192,196,192,197,195,194
F2,213,205,202,201,197,199,199,196,196,201,194,198,197,194,200,200,198,197,198,201,200,197,204,198,195,200,199,200,199,197,200,201,198,197,201,200,203,199,206,206,203,204,203,204,206,205,206,209,209,212,213,212,210,214,213,215,218,216,217,218,218,219,214,220,219,221,220,223,228,232,231,238,239,236,238,244,246,250,257,258,264,269,276,285,291,294,310,317,328,337,347,369,377,399,418,446,471,507,533,572,616,665,720,767,785,792,793,804,808,802,794,799,808,809,799,794,790,800,794,790,789,792,797,792,786
F3,212,205,199,204,200,198,197,196,200,196,198,202,198,200,198,196,198,202,202,198,202,199,198,200,199,202,202,201,204,202,201,197,201,198,201,201,203,202,203,206,200,204,207,206,205,204,211,211,209,213,209,214,216,211,213,216,218,218,219,220,217,222,220,223,225,227,224,222,223,230,230,233,228,232,235,239,240,243,243,250,251,257,263,259,266,274,283,286,289,299,302,318,323,334,349,356,371,383,401,416,443,463,495,518,556,589,623,665,711,769,795,806,814,811,809,812,815,818,808,814,810,807,811,815,810
F4,204,194,190,190,189,188,188,190,190,192,185,190,187,189,189,191,188,189,188,190,190,194,190,192,192,194,189,193,192,189,193,193,190,195,192,190,194,192,196,197,196,196,198,200,196,202,205,205,204,206,203,207,212,209,209,208,206,213,212,211,213,219,217,217,220,219,221,224,224,227,232,230,235,238,240,243,247,253,258,258,270,274,276,287,291,306,313,322,333,348,360,373,403,414,440,462,491,523,565,602,638,679,709,704,701,713,710,710,710,711,714,715,709,713,704,706,700,708,709,701,702,696,704,699,698
F5,207,206,200,197,198,198,195,198,200,192,197,199,198,198,197,199,195,195,200,197,196,199,201,203,197,198,196,198,198,198,199,198,201,203,197,201,201,201,205,203,205,202,204,202,209,207,207,211,212,212,213,214,213,216,215,217,218,216,218,217,218,222,219,226,224,227,228,231,227,228,234,230,233,236,240,243,246,251,250,255,259,266,270,278,278,286,296,300,308,317,327,335,349,364,374,394,406,432,457,472,501,533,557,591,629,677,724,781,785,788,791,803,802,799,797,799,797,796,796,781,793,795,791,792,784
F6,197,191,191,190,190,193,189,187,187,191,192,188,189,190,187,189,188,189,189,193,189,190,188,190,188,188,193,193,191,192,190,190,191,191,190,191,193,192,193,194,192,188,189,192,191,191,188,191,192,189,188,191,194,192,189,191,190,188,190,191,191,193,189,191,194,190,191,190,194,196,194,195,196,193,193,194,196,191,193,193,195,194,195,196,194,195,197,195,194,195,200,198,199,197,198,199,198,201,203,202,205,206,204,207,205,211,210,213,213,217,217,220,224,224,231,238,243,243,245,244,244,242,248,243,247
F7,202,195,192,194,189,191,190,191,188,189,190,193,190,190,190,190,187,192,191,193,191,192,189,190,194,192,191,195,193,191,194,195,190,192,188,192,194,194,191,191,193,192,189,192,195,194,190,191,192,191,193,191,194,190,194,194,196,192,193,191,195,196,194,194,194,197,195,193,193,193,195,195,196,198,195,194,197,196,196,201,200,196,199,200,200,196,200,199,198,204,199,199,202,201,205,206,208,207,208,206,207,214,215,213,216,220,224,224,228,231,232,239,244,247,245,241,241,241,245,245,244,245,247,246,249
F8,203,194,196,194,195,194,194,195,191,193,194,192,195,193,193,193,190,193,195,192,192,192,195,195,192,191,194,197,194,194,196,194,194,193,196,192,196,195,193,198,194,195,196,195,195,193,196,193,196,191,195,196,194,195,197,194,194,194,199,197,194,194,195,195,197,197,199,198,194,198,195,198,196,196,196,199,199,196,195,197,198,198,195,198,196,195,196,199,200,200,202,201,203,204,203,202,203,205,207,206,209,207,209,209,208,210,212,211,214,215,221,221,225,228,227,228,229,240,243,242,246,242,249,247,245
F9,201,193,195,197,193,190,193,191,192,190,193,190,192,193,190,191,192,192,193,193,195,194,197,189,194,195,194,194,194,193,195,194,192,194,194,194,198,193,196,195,189,195,191,193,195,192,196,194,198,194,191,195,191,196,195,192,194,193,192,195,192,196,195,194,195,193,192,196,192,195,199,195,195,195,196,196,195,197,196,195,197,194,200,194,196,195,198,196,195,198,194,199,199,200,199,200,197,202,202,198,201,207,210,207,204,208,207,212,213,210,213,215,216,220,219,224,228,231,230,237,242,245,244,246,246
F10,215,207,202,201,199,199,201,200,198,196,202,202,200,203,201,202,203,203,202,205,203,202,204,207,201,200,203,202,200,201,204,203,203,205,205,204,208,206,212,211,208,212,212,212,214,214,221,225,231,234,237,244,251,259,266,281,291,305,323,339,366,396,425,463,508,559,613,675,751,780,780,779,773,767,761,758,760,763,758,754,748,744,747,744,741,748,744,741,746,741,742,738,737,736,732,732,733,737,726,730,729,732,729,730,737,731,734,729,728,731,726,731,732,724,726,724,727,723,721,721,723,719,722,723,721
F11,214,207,203,206,200,198,202,200,202,200,202,201,204,201,202,205,202,201,203,201,201,204,203,201,204,204,201,206,202,203,201,205,202,204,204,203,206,203,208,207,216,213,214,214,220,220,220,228,232,237,245,247,254,265,282,287,308,328,343,372,402,437,471,522,577,637,722,763,782,787,778,779,776,770,774,758,767,767,757,757,754,753,748,747,743,748,743,748,738,736,735,740,750,725,738,739,735,739,729,736,735,732,731,729,737,729,729,734,732,735,726,736,728,729,724,717,728,726,724,732,724,718,720,725,724
F12,195,187,188,183,186,184,183,185,183,180,186,181,179,184,183,182,181,178,178,178,181,179,180,177,177,178,177,180,175,173,176,172,176,170,175,174,169,169,167,169,168,166,167,165,166,166,167,167,166,166,168,167,165,167,162,166,166,166,165,167,166,166,169,169,169,170,172,168,171,175,173,172,173,174,172,170,177,180,176,175,175,175,178,176,178,174,175,176,180,178,180,179,182,181,182,181,182,183,182,182,185,181,182,181,183,181,183,182,185,185,185,184,186,186,186,184,187,188,187,187,189,187,187,187,192
G1,195,183,178,177,177,175,177,174,174,174,177,176,173,175,172,173,172,170,171,170,169,170,169,171,170,170,166,172,168,171,172,169,171,166,170,171,172,173,174,173,172,173,174,175,173,173,174,174,175,178,178,181,179,181,177,180,181,180,180,183,183,180,182,184,184,184,188,182,185,184,185,186,186,193,186,185,188,185,187,191,188,188,188,188,190,190,191,191,191,188,188,189,191,195,189,189,192,192,192,194,189,193,192,191,192,191,191,190,195,192,195,194,194,191,192,194,194,193,193,192,194,193,196,197,194
G2,210,203,204,203,201,197,198,196,196,195,199,197,197,196,197,199,194,200,196,198,200,200,200,198,200,198,195,198,200,199,199,195,195,198,195,200,197,198,201,199,202,201,200,196,201,198,204,202,201,204,205,209,206,207,212,212,217,215,219,224,226,236,240,246,255,267,282,295,304,326,344,371,395,424,474,519,570,642,709,761,784,782,781,775,776,772,764,758,762,761,748,754,756,747,750,742,747,743,750,746,736,742,731,731,724,726,727,728,728,730,718,718,723,720,710,709,716,704,710,706,707,697,705,701,701
G3,213,205,202,201,200,200,200,199,200,202,195,199,202,198,201,205,198,199,198,198,202,200,198,203,198,199,204,202,201,198,205,201,202,203,205,204,204,204,212,211,207,213,212,212,220,220,223,229,236,237,246,258,263,273,285,302,318,339,359,385,415,454,500,544,592,627,664,667,658,662,663,663,660,665,669,662,663,669,668,662,666,668,666,676,667,675,675,679,683,676,679,683,681,684,682,684,681,684,695,685,692,686,693,701,691,693,694,694,702,706,697,691,696,700,699,700,698,698,703,698,704,702,708,709,702
G4,212,204,202,199,199,200,198,198,197,196,200,200,199,199,198,201,200,198,199,198,203,203,202,199,202,199,204,203,202,201,199,204,200,206,205,207,204,206,213,208,204,212,208,209,209,212,214,213,215,213,213,221,214,213,218,217,219,215,214,218,219,221,219,215,221,220,228,219,218,224,219,223,226,224,226,223,223,223,221,222,224,222,227,227,223,226,226,229,227,227,224,226,227,232,228,229,233,229,228,232,228,232,235,236,235,235,239,233,237,236,235,240,241,242,244,245,244,249,250,252,252,261,259,264,270
G5,215,201,205,201,200,202,201,199,201,198,198,200,196,198,198,199,195,198,201,200,199,200,195,197,200,201,200,198,199,202,200,197,200,197,199,197,204,197,203,203,199,198,201,204,208,206,209,211,205,210,210,213,207,208,211,212,213,212,214,215,216,214,217,217,219,215,217,217,216,218,220,218,217,212,224,218,217,220,217,219,217,220,221,218,219,221,217,221,225,225,223,225,220,222,221,223,226,224,224,226,225,228,228,231,226,227,231,230,230,232,233,234,233,232,236,233,238,237,240,239,244,242,246,246,248
G6,210,203,199,198,202,195,198,197,193,197,194,198,199,199,197,201,196,194,196,200,197,202,198,195,199,199,196,201,201,196,199,199,198,200,204,200,202,203,203,204,204,202,204,209,211,206,208,215,214,215,211,214,210,210,216,212,215,208,212,212,216,215,212,213,216,212,219,211,213,216,216,217,216,217,218,215,218,217,221,219,219,218,222,216,221,223,217,222,220,219,218,222,223,224,221,220,229,224,222,222,224,223,224,226,225,225,228,226,229,228,229,229,232,229,233,228,233,236,238,235,236,238,237,237,248
G7,211,203,200,202,201,197,200,197,197,198,197,197,197,202,198,195,196,199,196,198,196,201,198,199,197,199,196,199,199,194,199,194,197,198,197,200,201,198,200,197,200,198,197,199,201,200,201,204,202,204,203,207,208,204,208,210,210,209,214,211,219,217,213,216,216,214,220,219,213,220,221,221,219,218,215,222,219,222,219,220,217,221,225,218,219,223,222,226,225,223,226,229,225,223,223,224,227,229,228,229,229,227,228,231,229,230,236,235,242,241,242,243,245,250,249,248,256,257,261,264,264,271,280,287,291
G8,207,201,202,202,197,200,195,194,197,193,196,194,194,196,194,198,197,198,197,197,197,198,197,202,199,197,198,198,203,195,202,200,198,195,202,200,199,201,200,200,202,203,204,206,208,206,206,209,208,211,213,211,212,213,214,216,213,217,216,217,223,217,218,221,223,220,225,228,226,229,229,231,233,236,239,245,242,245,248,254,259,261,266,274,276,286,294,298,306,320,324,336,348,360,376,394,410,430,452,469,502,528,555,595,633,672,724,768,791,795,795,795,801,792,800,795,800,798,802,786,796,790,791,792,794
G9,210,204,204,205,203,204,202,203,198,200,200,199,200,198,200,202,198,202,203,201,203,202,202,201,199,196,202,201,202,198,203,202,200,202,203,200,201,204,203,203,200,207,207,207,205,207,209,211,215,215,212,215,214,212,217,214,214,215,215,218,219,215,217,218,217,220,220,225,223,227,224,226,227,229,235,233,233,235,234,240,240,241,248,250,249,256,264,264,270,277,275,284,287,297,305,314,321,326,337,350,356,372,386,406,421,445,460,491,513,538,563,604,632,676,718,778,811,807,808,808,814,812,810,819,822
G10,209,202,203,201,196,198,196,199,201,199,198,197,197,196,197,199,196,201,201,199,198,199,198,198,196,198,201,196,199,201,199,200,202,195,196,199,203,201,204,204,205,201,206,204,208,208,210,214,210,212,210,209,213,213,218,217,218,214,216,219,215,218,220,218,220,226,224,226,227,232,230,233,232,235,242,246,245,251,254,261,261,267,271,281,282,296,296,309,319,323,337,351,360,375,393,398,415,429,438,447,444,442,445,445,441,446,444,454,454,454,454,455,461,458,465,457,473,461,473,469,472,473,476,475,479
G11,211,197,201,204,197,199,198,199,197,201,199,197,199,197,198,198,198,197,198,202,199,198,198,197,201,199,197,197,199,196,199,197,198,199,199,203,202,200,200,202,204,203,207,205,202,204,208,207,205,211,212,211,212,205,211,209,212,212,214,211,213,213,215,213,218,217,216,218,218,218,219,222,227,226,228,227,227,233,233,234,241,239,243,250,254,256,259,265,268,281,283,290,298,302,311,319,335,348,356,376,390,409,425,453,479,502,531,570,608,656,688,748,785,785,791,793,794,793,801,799,792,801,795,802,797
G12,194,185,183,188,184,179,175,176,177,181,182,179,180,176,175,179,178,176,174,175,172,175,169,175,175,172,173,172,171,170,175,168,169,169,171,173,175,171,171,173,170,171,172,174,174,171,172,177,176,174,172,180,177,175,177,176,179,180,183,178,181,182,182,183,182,182,183,188,188,184,187,185,188,186,187,189,188,190,188,192,188,190,191,191,191,193,189,191,196,192,192,190,191,192,191,192,190,192,191,193,196,188,193,195,194,195,196,193,192,197,196,197,195,197,191,195,196,196,198,196,195,198,193,198,200
H1,197,190,184,186,181,184,178,176,177,177,179,179,174,177,171,175,172,168,170,170,172,171,169,171,169,173,171,172,171,170,170,170,167,172,174,172,174,170,176,175,172,174,179,179,177,177,183,181,178,181,181,182,184,178,183,183,183,186,191,182,187,186,186,184,188,187,188,189,187,187,190,190,190,191,187,193,191,190,189,190,191,193,190,196,190,190,190,190,191,191,193,191,192,191,193,191,194,190,188,190,190,193,191,194,195,190,195,191,195,194,196,196,193,194,193,192,191,193,195,196,193,196,195,198,196
H2,198,193,195,191,190,193,192,189,188,188,195,192,190,189,189,190,188,187,188,186,185,190,186,186,188,185,183,182,183,183,184,184,181,179,184,181,181,178,180,181,177,178,176,178,179,174,176,173,176,175,177,174,178,172,176,174,173,170,173,175,175,172,169,168,169,172,170,168,172,171,171,169,170,167,169,170,172,171,171,171,169,168,167,168,170,167,169,168,168,168,170,173,169,174,169,169,171,168,169,170,171,174,173,171,168,172,173,173,175,173,172,172,172,176,176,172,177,178,176,177,178,173,176,178,176
H3,198,195,189,189,189,191,188,189,190,191,189,190,189,191,191,188,188,188,187,187,190,184,186,186,187,184,185,187,186,183,185,185,184,183,185,177,182,182,184,182,181,182,176,178,180,180,180,178,176,178,177,177,178,175,179,172,175,180,177,173,174,175,176,174,171,171,171,174,173,173,175,172,174,172,173,174,174,173,174,173,172,172,169,170,168,170,171,171,170,168,167,169,172,169,171,172,169,167,171,170,169,174,170,170,168,171,169,167,169,170,168,171,170,169,169,172,172,174,175,168,171,169,174,172,171
H4,201,192,190,189,192,189,192,190,187,188,191,191,191,187,191,190,187,186,187,189,191,187,185,186,186,186,185,187,184,183,183,185,179,186,179,184,181,181,185,183,181,179,183,182,182,178,182,179,176,179,179,182,177,179,178,175,178,174,176,173,173,177,177,176,174,170,175,173,171,173,172,177,169,171,173,170,168,169,169,173,171,169,169,170,168,170,170,173,173,169,170,169,170,171,169,169,170,172,172,170,170,169,169,168,170,169,167,167,170,171,168,170,169,171,169,170,166,171,175,174,169,168,173,173,176
H5,197,187,188,188,184,184,186,189,184,185,184,184,182,184,184,185,181,186,182,184,182,182,180,184,180,179,184,180,177,175,178,178,179,173,177,176,178,175,177,179,170,172,173,173,174,170,173,175,171,172,168,174,173,167,168,166,168,169,171,171,169,169,167,165,167,164,169,166,169,164,167,170,165,170,169,169,166,165,166,165,165,167,163,164,166,166,163,168,166,167,163,167,163,164,164,165,166,166,164,163,166,166,165,168,166,168,168,166,167,167,168,169,166,168,167,168,166,171,170,166,168,166,170,170,166
H6,204,195,193,189,187,187,190,188,185,191,189,187,189,188,185,187,185,183,185,184,184,185,181,186,183,185,184,182,179,181,180,178,180,178,179,175,182,178,178,177,178,176,178,173,176,178,172,173,173,176,175,171,173,170,171,172,174,169,171,168,174,174,172,171,173,169,171,168,168,170,171,169,170,171,173,170,171,167,168,171,168,171,170,169,169,172,170,172,173,172,170,173,172,171,168,172,173,173,171,168,175,172,173,168,174,169,172,173,172,169,174,175,172,179,173,174,174,175,174,176,174,175,178,177,176
H7,203,197,194,193,192,194,191,190,189,192,190,194,192,191,191,190,189,187,190,190,189,192,186,188,190,187,186,185,186,188,182,183,183,184,184,181,183,182,181,184,180,181,181,179,177,179,181,178,179,184,174,180,176,175,178,174,174,175,176,174,176,175,170,172,173,170,171,174,170,172,172,174,171,173,171,172,172,173,171,167,170,170,171,171,170,169,169,171,172,168,168,172,171,172,171,171,169,171,173,168,173,170,168,172,173,171,173,168,174,173,172,171,173,174,174,172,174,175,173,176,174,176,176,174,175
H8,197,186,184,184,182,183,180,183,180,180,179,180,179,179,178,174,174,177,176,175,173,174,175,172,170,172,172,172,171,173,172,170,171,171,172,171,167,173,171,166,167,170,165,167,166,165,168,167,166,165,167,166,168,165,166,163,163,165,167,165,165,166,169,166,166,168,167,169,171,167,169,165,166,165,168,167,166,167,168,169,168,170,169,170,168,169,169,170,173,172,170,170,172,172,172,173,171,173,173,174,174,173,176,169,173,172,169,178,177,173,173,178,176,174,173,178,180,176,177,176,178,177,177,178,176
H9,197,193,186,191,192,191,192,186,189,189,188,183,186,188,186,186,184,183,183,185,185,182,181,183,182,180,180,179,180,178,175,180,181,181,176,174,177,175,181,175,173,174,172,172,171,174,171,169,171,172,172,170,171,168,170,174,169,170,171,170,172,170,168,171,167,171,168,167,170,166,172,169,170,169,172,167,169,169,171,168,169,169,166,170,171,167,172,173,170,172,171,170,170,168,173,173,171,171,170,172,173,173,172,170,170,172,171,175,175,173,175,175,177,177,174,172,175,177,174,174,174,178,172,176,179
H10,202,199,196,194,195,193,191,191,193,194,192,192,192,193,192,190,189,192,191,190,191,188,186,189,186,186,185,186,186,187,183,179,181,181,181,178,183,177,183,179,177,179,176,176,177,175,174,177,178,175,175,177,172,175,174,176,175,173,176,175,174,173,172,173,171,170,173,174,171,172,172,172,171,174,172,174,173,169,171,169,170,172,173,171,169,169,174,174,174,173,174,173,169,172,174,168,172,173,172,175,174,171,173,173,172,175,174,179,176,175,173,177,177,176,176,175,177,178,182,178,176,178,177,180,179
H11,206,191,195,192,190,191,193,187,190,188,191,185,189,186,186,185,186,188,185,187,186,184,182,182,182,182,184,182,182,180,180,179,176,173,176,178,176,178,175,176,174,171,173,175,174,172,170,172,173,175,169,170,169,173,171,172,170,169,173,169,168,171,170,169,171,171,173,171,169,174,173,171,170,170,173,172,174,174,172,177,173,178,171,171,174,175,173,176,173,172,173,174,173,174,175,176,176,173,179,179,176,178,178,178,181,182,178,180,182,181,178,185,184,185,187,183,181,187,180,185,184,185,185,185,188
H12,188,181,183,179,178,175,175,172,174,176,174,174,173,174,169,165,168,169,169,169,167,167,169,167,164,168,170,165,168,167,166,166,170,166,172,173,170,171,172,171,174,174,173,172,175,175,174,175,180,178,177,178,176,181,180,181,182,182,182,186,183,184,182,185,186,184,185,183,183,190,187,182,188,185,185,186,187,188,188,186,186,187,188,186,188,191,187,188,187,187,189,189,188,188,192,186,189,188,191,187,187,188,185,189,189,187,189,189,190,189,190,189,197,192,195,187,190,194,193,190,190,191,190,192,191