Cycle Nr.,1,2,3,4,5,6,7,8,9,10,11,12,13,14,15,16,17,18,19,20,21,22,23,24,25,26,27,28,29,30,31,32,33,34,35,36,37,38,39,40,41,42,43,44,45,46,47,48,49,50,51,52,53,54,55,56,57,58,59,60,61,62,63,64,65,66,67,68,69,70,71,72,73,74,75,76,77,78,79,80,81,82,83,84,85,86,87,88,89,90,91,92,93,94,95,96,97,98,99,100,101,102,103,104,105,106,107,108,109,110,111,112,113,114,115,116,117,118,119,120
Time [s],0,1361.5,2723,4084.5,5446,6807.5,8169,9530.5,10892,12253.5,13615.1,14976.6,16338.1,17699.6,19061.1,20422.6,21784.1,23145.6,24507.1,25868.6,27230.1,28591.6,29953.1,31314.6,32676.1,34037.6,35399.2,36760.7,38122.2,39483.7,40845.2,42206.7,43568.2,44929.7,46291.2,47652.7,49014.2,50375.7,51737.2,53098.7,54460.2,55821.7,57183.2,58544.7,59906.2,61267.7,62629.2,63990.7,65352.2,66713.7,68075.3,69436.8,70798.3,72159.7,73521.3,74882.7,76244.3,77605.8,78967.3,80328.8,81690.3,83051.8,84413.3,85774.8,87136.3,88497.8,89859.3,91220.8,92582.3,93943.8,95305.3,96666.8,98028.3,99389.8,100751.3,102112.8,103474.3,104835.8,106197.3,107558.9,108920.4,110281.9,111643.4,113004.9,114366.4,115727.9,117089.4,118450.9,119812.4,121173.9,122535.4,123896.9,125258.4,126619.9,127981.4,129342.9,130704.4,132065.9,133427.4,134788.9,136150.5,137512,138873.5,140235,141596.5,142958,144319.5,145681,147042.5,148404,149765.5,151127,152488.5,153850,155211.5,156573,157934.5,159296,160657.5,162019.1
Temp. [°C],37.3,37.2,37,37.4,37.2,36.9,37.6,37.5,37,37.5,37.6,36.8,37.4,37.6,36.9,37.4,37.2,37.4,37.7,36.8,37.4,37.7,37,37,37.4,37.7,37.3,36.8,37.1,37.4,37.7,37.7,37.6,37.2,36.8,36.8,37,37.1,37.3,37.5,37.6,37.7,37.6,37.4,37.4,37.3,37.4,37.4,37.4,37.6,37.7,37.7,37.6,37.6,37.6,37.6,37.3,37.1,36.9,36.8,37.4,37.7,37.6,37.4,37.1,36.9,36.8,37.1,37.6,37.7,37.6,37.4,37.1,36.8,37.4,37.6,37.5,37.1,36.8,37.4,37.6,37.3,37,36.9,37.6,37.7,37.3,36.9,37.3,37.7,37.4,36.9,36.9,37.6,37.5,37,37,37.7,37.2,36.9,37.7,37,37.7,37,37.6,37,37.6,36.8,37.4,37.3,37,37.5,37.5,37.1,36.9,36.8,36.8,36.9,36.9,36.8
A1,174,172,172,172,173,175,171,170,172,168,172,173,170,170,173,171,170,173,172,169,169,170,169,172,166,168,171,167,168,169,170,168,167,167,165,164,167,163,166,162,159,163,160,164,163,161,159,160,159,159,160,156,156,156,154,154,153,155,152,152,148,152,150,146,147,147,147,149,150,149,150,149,151,149,147,147,150,153,153,151,152,150,153,155,153,153,156,155,155,156,161,158,159,159,157,162,159,158,160,162,162,164,164,161,159,164,163,166,165,164,165,164,167,166,165,163,164,169,165,167
A2,171,172,173,169,170,171,171,174,173,172,174,170,172,170,171,169,173,170,168,170,173,172,171,174,171,171,171,172,173,171,169,172,169,172,171,171,172,175,174,171,172,171,169,171,170,169,171,171,170,169,171,170,171,167,174,172,169,168,173,170,167,166,167,167,168,168,168,164,163,166,162,167,163,167,164,161,161,163,162,160,161,161,158,160,161,159,158,157,157,157,157,156,157,155,154,154,155,151,152,151,150,151,149,149,152,148,154,150,150,147,146,151,151,151,149,148,152,150,148,149
A3,169,171,171,171,166,170,170,174,169,168,169,170,171,170,170,171,170,171,171,173,168,169,172,173,168,170,170,169,170,167,172,169,170,171,168,170,171,169,171,168,170,165,169,170,169,169,168,167,167,168,169,169,166,168,170,169,165,168,166,166,168,167,168,165,165,165,164,167,170,166,166,164,163,165,163,165,165,162,163,163,160,161,159,165,161,162,159,161,160,159,162,159,160,156,154,156,155,155,156,156,153,154,154,155,151,152,152,152,147,149,151,150,149,149,151,151,148,149,149,148
A4,169,171,173,169,174,172,168,169,172,168,167,171,174,169,168,169,171,171,172,170,172,172,171,170,172,172,170,172,168,171,173,171,167,174,172,170,171,168,170,171,172,171,171,170,170,167,169,170,173,172,169,174,168,171,170,171,169,168,167,166,167,168,167,165,168,169,168,169,165,168,168,166,166,166,166,164,165,166,165,163,160,163,164,163,161,163,161,163,161,159,162,159,159,161,157,156,158,156,155,156,159,153,153,154,152,155,155,152,152,152,151,152,150,153,150,148,152,148,149,148
A5,172,170,174,172,175,172,173,173,174,174,171,173,175,172,174,177,174,175,172,174,172,174,174,172,172,173,172,174,175,170,173,171,173,172,175,174,170,172,172,177,172,173,171,173,172,171,171,172,173,172,171,174,173,171,173,175,171,172,173,168,171,170,170,170,171,172,173,171,171,170,169,168,167,171,168,169,168,170,169,165,166,168,166,170,168,167,165,167,166,168,165,164,163,165,162,160,163,161,163,160,161,161,162,160,158,158,157,160,158,158,156,156,160,156,156,156,155,156,153,153
A6,170,175,171,171,169,171,171,170,172,169,173,173,171,170,171,171,172,172,170,174,171,171,169,174,172,171,171,172,170,172,167,167,171,172,170,172,175,171,169,170,172,170,170,171,169,170,171,171,170,172,168,171,172,166,170,171,171,170,170,170,172,167,169,165,168,169,167,171,169,168,166,166,163,168,165,167,166,167,167,166,167,167,164,165,165,166,163,163,164,162,162,164,164,162,161,162,157,161,162,157,161,158,157,154,157,156,158,157,156,158,157,154,157,154,152,153,152,153,154,151
A7,169,170,171,172,173,170,171,172,169,174,171,170,170,170,171,172,171,174,172,171,172,171,166,171,172,171,171,170,171,170,171,174,171,172,171,170,174,171,172,167,169,170,172,172,172,172,169,170,172,171,172,169,172,171,169,170,170,171,172,172,170,169,170,167,172,170,168,169,168,170,170,169,164,168,169,168,167,164,166,168,167,168,168,166,166,165,166,164,164,164,165,167,165,165,163,165,160,165,161,161,163,162,161,163,156,157,160,160,159,159,159,160,156,157,158,154,156,158,154,155
A8,169,170,172,170,172,171,173,173,171,170,169,168,171,169,171,175,171,172,172,172,173,172,172,174,172,172,171,172,169,172,174,171,172,173,173,175,172,173,172,172,170,173,173,172,171,170,172,172,172,172,172,171,174,173,174,172,173,169,172,171,171,170,173,171,170,171,170,169,168,169,169,170,166,169,167,169,166,169,170,166,169,165,168,163,168,168,166,167,166,166,166,166,163,164,166,165,162,161,165,166,163,162,158,158,161,162,158,161,157,161,160,160,157,158,159,156,155,154,158,155
A9,171,175,175,172,173,170,173,173,170,174,172,173,176,172,175,172,173,173,174,173,174,174,174,172,174,175,173,173,175,172,177,171,173,173,173,172,172,174,175,174,173,175,174,173,171,170,172,174,173,173,170,177,173,172,170,174,171,170,174,170,170,171,172,170,170,170,171,173,168,169,172,171,169,170,167,169,171,164,169,165,171,168,170,163,164,167,164,166,166,166,167,164,167,169,163,165,161,162,162,165,164,160,161,159,160,159,159,159,159,158,160,158,157,155,157,156,158,156,158,154
A10,174,173,173,172,173,175,175,175,173,175,174,174,175,172,175,172,173,172,174,173,176,173,173,171,174,176,172,173,171,177,173,169,174,172,174,174,171,175,174,172,169,173,172,173,171,174,175,174,176,171,174,170,172,171,170,173,174,173,171,170,172,170,171,170,165,173,169,171,168,170,171,168,168,172,169,171,169,167,169,166,168,170,165,167,166,166,166,164,163,161,161,167,161,161,161,162,158,159,158,161,156,156,158,154,156,156,157,153,155,154,154,153,152,155,154,150,151,155,153,149
A11,173,171,173,173,173,176,174,173,173,176,174,173,173,174,177,174,174,175,172,173,176,173,174,173,172,174,171,170,172,174,170,173,174,173,174,173,173,174,173,172,172,173,173,172,170,173,172,172,172,176,170,170,170,170,172,172,171,171,170,170,169,170,170,167,168,171,168,170,169,170,167,168,166,164,166,167,164,167,166,160,161,163,162,160,161,165,162,161,162,161,161,160,157,158,159,155,158,157,156,156,155,151,152,151,154,151,150,150,152,148,150,152,150,152,149,149,153,155,150,151
A12,175,178,177,176,172,175,176,175,171,172,171,173,172,174,175,178,177,173,177,173,174,173,173,178,170,173,173,171,173,176,173,173,172,173,174,171,167,171,173,171,169,171,169,169,169,171,168,167,169,165,169,165,165,166,168,165,163,165,161,164,161,161,161,158,161,160,162,158,157,156,159,156,156,155,154,153,156,154,156,151,152,149,155,152,150,154,151,153,153,152,153,153,154,156,149,151,153,154,154,151,153,153,154,153,155,155,154,155,158,154,158,160,158,159,159,160,166,163,163,161
B1,173,172,172,172,175,172,171,177,171,176,173,172,171,172,176,172,173,177,169,173,173,174,174,172,172,175,174,169,174,169,173,173,170,170,170,170,176,172,170,172,172,169,173,171,170,170,173,166,169,168,170,172,168,170,168,171,167,170,168,169,166,167,167,165,165,168,167,167,166,164,165,165,166,167,163,162,162,165,160,163,161,160,160,159,158,160,159,160,158,153,156,152,156,155,155,156,156,151,154,153,147,153,151,147,152,150,148,148,147,149,148,148,148,148,145,147,153,149,149,151
B2,169,170,169,170,171,172,172,173,170,171,170,173,171,171,172,171,172,171,172,170,170,170,171,171,175,175,173,177,180,179,181,182,187,185,189,193,199,198,206,212,222,236,249,265,297,328,344,369,385,398,420,430,441,460,480,496,495,493,506,499,499,504,502,498,499,508,510,506,507,506,510,506,503,511,505,508,507,503,501,505,506,505,508,501,509,498,501,501,508,499,504,501,497,497,500,498,499,505,499,504,494,497,501,492,497,496,496,497,495,496,495,500,491,497,494,500,499,496,497,495
B3,169,170,169,170,168,170,169,171,169,170,168,168,168,170,169,172,171,169,169,170,170,173,169,172,174,173,173,174,178,175,177,182,185,186,189,189,192,198,200,210,216,227,242,254,286,308,334,356,375,392,406,419,437,449,476,489,484,499,491,499,499,504,503,497,503,504,505,505,506,505,502,507,503,504,505,501,502,504,499,500,501,501,504,497,501,498,496,500,496,487,502,494,501,495,489,493,496,493,493,495,489,492,496,489,491,494,496,495,492,496,491,493,491,492,490,496,494,494,491,493
B4,172,172,170,172,172,173,170,170,167,170,170,172,172,174,172,174,168,174,173,174,173,175,178,175,178,178,181,183,180,184,184,187,187,189,196,201,208,211,221,234,249,263,304,322,347,365,391,396,415,428,439,457,478,493,496,499,500,502,507,503,508,507,508,503,510,511,511,507,506,508,514,504,503,506,500,502,502,508,508,503,500,504,504,504,500,501,498,503,496,494,509,499,502,504,498,499,498,496,500,500,497,491,495,498,495,495,499,494,497,495,498,501,491,493,498,500,503,500,492,499
B5,172,173,171,173,172,173,170,173,170,171,168,171,169,169,170,171,170,172,173,173,171,174,176,172,172,170,172,173,173,179,178,177,180,182,181,184,189,190,196,201,205,212,217,229,245,265,299,324,347,364,388,399,415,430,439,463,477,493,491,500,497,503,496,501,506,506,502,504,504,504,511,503,504,509,501,506,509,503,500,502,511,503,494,504,500,496,503,501,499,497,502,502,498,499,500,493,498,500,497,498,498,498,490,490,485,492,490,495,489,497,498,495,491,497,490,492,489,489,497,493
B6,171,173,171,172,171,170,171,172,169,171,169,171,173,172,171,172,172,169,173,173,171,174,170,174,173,175,174,173,178,176,180,179,180,183,185,189,189,196,199,202,208,217,225,233,248,268,306,329,354,370,388,407,412,428,440,460,481,489,493,502,498,500,503,506,505,501,507,505,507,501,503,499,500,504,502,505,502,500,501,496,508,496,497,495,501,494,500,497,497,495,500,495,493,497,493,491,499,499,492,496,490,488,495,493,499,495,491,498,491,494,496,493,494,494,490,489,491,488,491,488
B7,187,188,187,187,186,189,186,188,187,185,186,188,190,191,191,194,194,194,194,194,198,200,198,202,202,204,209,209,214,218,222,224,232,242,254,268,285,318,359,388,418,439,469,484,509,536,561,593,607,602,613,613,618,625,621,623,632,628,625,625,634,636,627,637,650,640,643,641,641,638,639,639,643,647,642,639,642,644,641,640,642,643,640,645,643,641,643,640,640,640,646,642,650,643,642,638,643,642,639,640,647,641,645,643,641,641,648,647,645,647,647,645,637,647,647,650,640,651,647,650
B8,185,186,188,190,189,185,187,185,186,187,187,188,189,190,185,193,186,193,194,192,193,196,196,198,204,202,204,208,213,210,218,220,231,236,243,253,270,291,333,363,391,419,447,466,489,517,540,567,582,600,605,615,610,611,617,623,624,628,622,630,631,625,627,626,637,634,635,634,626,636,636,632,635,637,631,642,634,639,632,631,633,634,634,628,635,629,635,631,636,638,637,639,634,636,631,636,634,637,638,636,628,632,634,633,634,632,637,636,638,638,641,641,641,643,636,636,643,640,640,641
B9,189,189,187,188,189,187,185,187,188,190,188,190,187,189,191,191,192,194,190,192,194,196,198,199,204,205,205,204,211,207,213,220,225,230,242,249,263,279,304,348,375,404,440,459,483,502,529,546,591,601,608,613,612,621,618,627,624,626,629,633,627,634,632,629,631,636,642,637,639,634,638,636,639,639,636,638,640,640,638,636,643,636,640,640,638,637,638,631,642,633,645,640,640,643,638,641,644,642,636,640,639,636,645,636,638,641,641,652,643,647,649,646,634,642,642,644,641,642,641,642
B10,189,190,188,187,184,190,186,187,188,187,190,188,186,189,189,190,189,193,188,197,196,194,198,197,203,199,203,205,211,208,217,217,226,230,243,252,267,284,317,353,388,413,443,462,482,506,527,564,583,592,597,605,608,609,608,617,614,621,614,613,615,615,623,621,630,624,633,624,626,624,628,622,619,635,626,623,627,634,627,630,631,632,628,623,627,628,635,635,627,625,631,625,627,632,622,627,628,632,627,633,623,629,625,624,633,630,625,640,630,629,630,641,632,632,628,631,626,636,641,629
B11,195,189,188,193,191,191,188,192,191,193,188,187,188,192,191,194,195,196,196,194,199,199,197,197,204,207,208,211,213,215,222,225,230,240,248,260,280,299,342,374,402,430,456,476,499,522,547,577,594,597,604,607,602,616,617,619,615,622,623,623,624,619,619,624,626,632,627,632,631,631,637,627,635,635,634,639,633,632,627,634,634,632,634,630,638,629,632,639,639,628,634,632,627,639,635,626,634,632,636,631,635,633,640,631,641,639,630,641,640,641,631,639,637,645,638,644,636,636,635,643
B12,172,175,173,171,172,171,170,172,169,173,166,172,173,173,169,176,171,172,167,171,169,172,172,172,173,171,170,175,172,175,173,170,171,172,169,171,172,169,173,170,171,171,171,170,170,172,170,172,170,170,170,174,171,174,173,173,170,169,173,171,171,169,172,171,171,169,172,171,170,170,174,170,171,169,170,170,172,171,168,169,170,168,169,170,173,165,169,171,168,170,167,165,168,169,168,170,168,169,166,167,167,167,167,170,167,168,165,167,166,170,166,167,167,167,165,167,166,170,165,165
C1,170,171,169,171,173,170,168,171,169,169,170,174,170,174,172,170,174,174,169,173,172,171,172,171,178,174,171,171,175,173,173,169,170,172,173,174,169,169,170,169,172,169,169,171,172,172,169,170,169,170,169,172,169,169,169,170,168,169,170,167,167,170,166,166,170,167,167,170,168,167,166,164,167,167,166,165,167,163,163,161,165,163,164,159,166,166,164,163,161,160,160,159,162,156,160,155,159,155,158,156,157,157,155,155,156,155,153,154,153,154,152,152,153,149,151,150,152,152,151,151
C2,195,195,187,193,191,191,189,195,189,194,194,197,196,197,197,199,198,197,202,205,204,205,208,208,214,210,215,218,224,230,235,244,253,264,281,299,319,351,394,425,456,481,503,520,549,572,585,618,632,642,645,654,647,663,659,669,657,655,658,655,666,661,653,663,653,663,672,661,666,657,666,655,654,667,655,660,659,665,663,655,661,660,666,662,663,659,661,658,669,663,665,660,658,660,664,663,655,659,665,664,661,660,668,658,659,666,664,662,663,664,669,664,658,664,666,668,660,671,659,667
C3,189,190,191,188,189,190,188,192,190,192,197,194,195,197,193,198,193,199,200,204,203,206,206,210,212,216,214,222,227,230,242,243,259,267,285,310,334,369,412,441,476,491,523,537,559,577,611,631,651,669,666,672,667,678,677,684,670,672,673,679,680,676,671,677,679,684,677,681,682,678,677,677,675,678,676,670,674,678,669,676,677,675,668,669,672,678,677,676,679,671,673,674,676,674,668,669,684,680,679,686,670,661,673,669,675,674,669,674,677,674,679,679,676,678,674,681,677,685,669,670
C4,192,189,188,187,188,191,186,189,189,191,193,192,193,197,192,195,196,198,199,200,200,203,205,205,205,213,212,213,218,225,229,235,243,254,265,279,306,323,365,405,430,454,489,502,525,547,568,590,626,640,638,647,654,662,658,664,667,660,656,661,654,664,651,652,665,671,660,661,667,664,661,663,657,662,662,658,656,665,656,655,657,656,659,656,655,652,665,654,649,652,652,647,656,654,653,660,660,654,662,662,655,652,664,651,655,655,656,660,660,665,657,669,658,659,659,655,660,660,663,650
C5,194,191,189,188,192,194,190,194,192,194,192,197,195,197,198,201,199,202,199,202,204,205,207,207,210,209,214,218,221,222,228,234,239,249,262,272,293,310,347,381,422,449,479,494,520,540,561,578,594,627,647,652,651,653,657,661,658,663,657,661,654,662,661,664,665,667,671,668,667,662,666,662,661,658,656,661,661,662,659,657,660,653,655,653,661,662,660,656,657,660,657,656,661,657,657,658,662,651,659,664,662,658,661,654,661,658,656,665,659,664,663,661,658,663,660,663,660,664,664,656
C6,192,190,189,190,186,193,186,193,191,194,198,200,197,197,200,200,199,201,202,204,208,207,207,210,210,212,216,221,223,229,238,241,254,261,277,292,312,335,376,413,448,472,506,522,549,561,586,598,622,653,665,681,674,677,676,685,680,679,672,690,682,683,681,686,687,689,690,687,690,693,694,683,677,685,688,683,681,686,680,680,689,682,685,683,683,674,680,683,682,686,685,676,681,684,682,691,689,685,681,685,678,675,682,682,678,686,690,685,683,683,687,682,680,689,681,689,686,690,678,679
C7,172,175,172,175,175,175,172,174,173,176,173,174,175,177,172,175,172,175,175,175,175,177,173,177,182,182,180,186,183,185,186,188,193,191,202,201,209,219,222,242,260,265,282,291,300,308,316,324,330,339,357,355,364,364,363,367,362,364,361,365,361,361,358,355,353,359,358,357,359,353,352,354,354,357,351,348,351,350,345,355,350,355,346,343,349,352,349,348,351,350,353,350,352,350,352,354,355,357,347,358,358,354,362,357,360,357,362,360,367,359,360,363,364,365,359,366,373,368,368,365
C8,178,178,174,174,172,175,171,174,171,176,174,176,175,175,173,174,174,176,172,178,179,178,180,179,182,181,183,181,187,187,188,194,198,199,207,208,219,224,251,265,277,286,299,305,311,314,327,338,355,352,358,364,365,359,363,362,361,363,359,360,356,362,356,358,357,359,360,355,356,352,359,352,353,355,351,354,349,355,354,350,354,353,355,352,353,353,354,352,356,350,353,352,353,361,355,351,356,357,354,356,354,358,361,356,357,363,359,363,358,363,363,367,365,370,364,367,369,371,369,370
C9,174,174,171,175,174,175,174,175,172,175,172,176,170,176,175,177,175,177,173,175,177,179,179,179,181,183,186,185,189,191,192,194,199,202,210,215,224,242,257,267,283,292,303,311,313,324,333,345,358,360,362,365,368,369,362,366,363,365,365,364,362,360,356,361,359,363,357,359,357,357,359,356,355,354,356,352,354,355,354,352,356,357,355,355,354,352,352,353,355,360,355,355,361,359,360,356,356,358,355,361,357,362,359,357,362,365,363,370,366,363,365,368,363,367,370,365,370,373,376,370
C10,185,183,181,182,184,182,176,183,181,181,170,173,171,175,172,178,174,172,175,176,176,176,178,179,179,176,182,179,182,182,183,183,186,188,188,190,198,203,206,211,218,234,251,259,274,287,294,301,310,318,326,337,349,351,353,359,360,358,356,354,355,357,357,352,354,352,356,354,355,353,352,352,350,350,347,347,349,350,345,349,350,345,351,349,349,347,348,347,348,349,352,349,352,349,345,347,352,354,355,355,345,356,359,356,355,351,355,360,355,359,354,361,360,359,366,362,361,368,364,362
C11,173,173,177,173,173,175,170,173,170,174,172,173,172,174,176,173,176,174,176,175,175,177,176,177,176,174,175,179,182,180,178,184,186,188,187,190,194,195,203,212,219,233,253,263,277,283,299,300,313,319,326,337,355,360,358,367,360,359,358,362,357,359,354,355,357,355,354,353,354,351,352,352,353,353,346,352,349,350,349,351,346,348,349,345,346,346,354,341,348,347,347,346,346,352,351,350,351,351,351,352,350,348,358,353,355,355,356,360,356,359,363,362,361,364,360,364,367,363,363,366
C12,190,189,188,191,192,191,190,192,192,191,190,194,193,191,193,197,193,193,187,194,192,194,197,192,194,194,190,193,195,192,194,191,190,195,190,195,198,193,194,196,195,195,193,192,193,194,196,192,195,194,197,194,190,195,192,194,193,193,194,191,193,194,194,193,194,191,195,191,197,195,194,192,191,194,192,190,194,192,188,188,187,190,191,188,187,188,188,194,190,192,192,191,190,191,193,190,190,192,188,192,188,189,187,190,185,190,183,190,189,188,186,188,187,190,189,189,189,186,182,190
D1,174,173,171,171,171,173,170,171,170,170,171,170,171,171,175,176,170,171,170,174,174,170,171,174,174,173,174,172,176,171,173,173,173,171,174,172,173,171,172,171,173,171,171,173,169,171,174,174,171,170,169,173,172,172,169,173,165,171,170,172,171,171,168,170,170,169,170,171,168,168,170,170,171,168,168,169,169,169,167,169,166,167,168,165,167,166,167,168,166,164,164,164,163,160,166,161,162,163,162,160,160,163,160,159,159,159,158,157,159,159,159,155,158,157,157,156,155,152,153,155
D2,193,193,191,191,191,190,191,194,194,195,198,197,197,202,200,206,200,202,202,209,204,212,215,217,221,219,227,230,239,247,256,269,284,303,329,359,382,415,435,454,475,498,509,532,548,577,593,594,597,597,600,604,597,598,597,611,602,598,596,605,599,599,596,595,600,605,597,598,600,596,600,593,599,597,586,599,591,595,594,586,596,594,597,592,599,594,590,593,595,587,587,592,587,588,590,590,595,588,594,596,591,585,597,593,596,596,595,603,591,596,596,594,592,595,598,592,595,593,591,598
D3,196,195,193,192,195,192,194,194,196,198,201,202,199,202,201,206,204,207,208,211,214,218,218,222,222,226,224,229,236,237,237,245,248,252,253,255,260,261,262,261,265,262,264,265,266,264,263,267,271,269,270,275,269,275,277,275,272,277,278,275,278,282,281,278,277,280,285,285,286,287,291,289,291,295,298,304,307,310,317,325,332,338,354,368,391,410,434,479,521,573,644,722,836,923,971,991,1027,1061,1095,1139,1187,1229,1274,1332,1344,1364,1393,1419,1456,1489,1539,1574,1554,1560,1545,1546,1546,1539,1531,1543
D4,198,192,194,194,193,194,194,195,193,202,199,203,203,205,203,207,207,207,207,212,213,217,221,219,223,225,231,235,241,252,265,277,294,310,335,370,402,431,454,469,488,504,533,548,574,591,614,618,618,630,637,635,630,627,628,634,629,634,625,628,629,628,619,624,626,624,631,627,623,625,626,621,622,614,621,627,617,616,616,614,623,613,618,613,619,610,614,612,618,615,621,609,614,613,611,622,618,615,611,612,615,616,618,616,618,618,611,616,618,615,611,620,619,614,616,619,613,619,614,615
D5,198,197,200,197,196,198,197,199,198,204,201,205,203,207,206,204,209,210,208,214,214,221,219,219,225,226,228,235,243,248,253,258,276,297,315,340,374,399,433,452,478,490,518,533,551,576,594,613,618,627,621,630,621,629,623,631,634,636,627,629,620,622,623,618,620,631,629,624,620,619,619,619,618,614,617,620,617,615,619,615,621,610,609,612,615,611,618,614,613,611,610,616,613,617,612,611,620,610,613,611,616,613,611,612,616,615,609,613,620,624,616,622,613,614,620,617,613,616,617,612
D6,193,189,189,193,190,192,190,192,193,194,196,192,194,194,194,198,201,207,200,204,204,208,210,212,212,216,219,223,233,238,251,262,271,293,308,343,367,395,416,433,461,472,495,507,525,548,573,574,576,587,581,584,581,595,586,593,589,585,586,585,580,582,579,582,586,587,590,584,583,581,588,575,579,581,582,580,573,576,578,576,584,575,575,567,581,575,574,578,576,577,574,574,577,568,576,573,577,572,572,570,579,573,574,576,571,580,574,579,576,581,582,577,575,583,575,575,580,578,572,581
D7,194,190,194,191,192,191,191,193,193,197,198,201,204,203,206,209,213,212,211,216,221,222,228,234,240,246,250,257,257,263,265,270,275,274,281,282,282,294,290,288,295,297,297,301,305,300,305,305,306,305,309,311,309,309,319,313,314,318,319,315,321,319,319,319,325,322,327,328,325,325,333,330,333,338,344,346,356,366,372,381,398,422,446,470,512,555,603,664,739,827,913,945,976,1024,1049,1081,1128,1170,1196,1211,1198,1202,1186,1192,1185,1186,1175,1175,1182,1173,1171,1164,1153,1155,1148,1144,1143,1145,1139,1137
D8,194,190,193,191,190,192,188,192,192,199,195,202,197,203,202,204,206,208,212,212,218,217,224,229,234,240,244,260,271,290,315,334,365,406,442,461,490,517,541,550,576,599,622,639,664,675,674,671,677,675,680,682,676,674,674,670,669,675,673,661,662,661,664,665,659,667,664,657,647,659,656,654,649,652,650,650,650,648,642,641,645,647,644,644,644,650,639,647,648,646,652,645,649,650,642,646,645,647,649,650,654,644,651,646,647,654,652,653,656,652,649,652,645,654,647,651,648,654,648,645
D9,193,191,193,195,192,194,194,195,195,196,199,204,202,205,209,210,212,211,212,220,221,225,225,229,239,242,252,263,281,298,320,342,390,423,448,480,503,523,549,564,589,612,628,651,672,691,687,690,693,698,701,696,703,697,703,699,699,694,700,696,693,694,690,693,694,699,694,693,691,689,688,687,691,693,684,687,686,687,686,688,690,686,682,678,688,685,689,682,689,695,687,687,686,690,696,680,688,687,686,692,694,691,691,692,697,691,687,697,698,703,691,703,692,697,697,691,704,693,705,695
D10,192,197,193,195,195,191,189,195,195,196,201,202,202,206,203,208,208,212,212,216,220,222,225,229,236,239,248,260,268,283,305,328,357,393,438,470,493,519,543,563,576,610,625,649,666,697,689,688,682,696,694,698,696,699,690,692,687,689,685,682,678,678,674,670,677,674,676,671,676,668,669,667,665,669,663,668,663,664,667,668,663,657,663,655,662,655,655,662,659,658,659,661,657,659,654,659,656,660,654,657,660,663,658,665,661,663,659,664,667,665,656,664,661,663,665,668,661,664,664,670
D11,194,192,191,191,192,192,193,188,195,200,199,202,201,205,207,210,209,214,216,219,221,226,229,234,240,250,260,274,284,303,312,332,350,371,393,406,422,432,437,436,434,435,435,444,445,451,443,451,456,457,454,454,457,460,462,468,462,467,465,469,470,477,482,483,493,492,494,498,502,504,503,511,512,520,521,520,526,521,529,532,540,538,551,553,559,576,582,602,613,625,634,656,679,699,717,730,760,786,805,833,850,868,883,891,893,911,902,909,907,911,914,918,910,917,915,920,919,916,913,916
D12,175,173,171,174,174,173,173,172,171,171,171,173,175,171,174,173,170,173,171,169,173,176,173,171,170,175,173,172,175,171,172,169,173,173,173,171,170,174,173,171,174,174,173,174,172,175,174,176,176,171,173,172,170,174,174,175,171,174,174,174,173,175,172,173,176,172,176,175,176,173,171,170,171,176,174,173,174,175,172,169,173,173,172,170,171,173,173,171,173,174,170,174,171,172,172,172,173,171,173,167,170,173,169,171,169,170,172,170,168,171,171,168,171,173,166,172,168,173,170,171
E1,171,174,171,173,172,173,172,172,169,175,171,171,173,173,174,173,170,172,174,172,170,174,172,171,174,170,169,171,173,169,174,168,174,173,172,170,174,170,172,170,171,172,174,168,171,172,170,173,171,174,171,171,172,173,170,174,171,171,169,170,170,172,169,171,170,169,171,171,168,168,171,171,170,170,166,168,166,167,165,168,168,167,168,165,167,166,168,168,164,166,166,166,165,166,164,165,167,164,162,163,165,164,166,166,164,164,164,163,157,162,162,161,162,161,162,160,159,162,156,154
E2,176,177,177,175,175,178,174,173,175,173,171,173,174,175,174,179,174,179,177,178,179,180,178,178,182,184,186,182,188,186,189,189,195,194,202,205,208,217,223,245,258,267,284,290,304,306,321,327,335,342,358,365,364,364,369,374,366,367,367,369,363,367,367,363,364,364,365,367,359,362,365,365,364,366,362,367,361,359,358,359,362,358,358,355,361,360,360,358,360,359,359,358,355,364,361,361,362,357,361,362,359,363,366,360,362,367,368,368,364,369,371,369,369,372,370,374,376,371,372,374
E3,177,174,170,171,174,173,169,173,173,173,172,173,175,174,174,175,173,173,170,174,175,176,175,176,182,177,180,183,186,183,187,186,186,191,193,199,202,206,216,224,243,256,271,276,289,298,306,313,318,326,330,352,356,358,362,364,358,357,360,361,353,356,352,358,364,356,358,360,359,354,357,348,351,352,354,354,352,349,350,352,350,354,348,351,352,346,352,356,352,351,357,347,350,348,356,353,350,355,354,356,352,354,357,352,359,355,352,356,358,354,361,360,357,357,361,360,362,366,366,366
E4,174,175,172,173,172,176,169,175,168,173,173,172,174,174,172,172,173,174,173,178,178,180,181,179,179,183,177,183,182,184,186,187,191,191,196,196,203,206,215,217,240,252,265,271,286,296,305,310,318,323,331,352,351,361,361,365,357,363,361,360,362,359,356,355,360,351,355,357,358,354,353,355,351,354,352,353,351,350,345,345,347,347,346,349,347,348,346,351,352,352,350,353,353,347,357,347,352,352,352,354,354,353,354,350,354,357,353,359,358,358,361,362,360,357,359,359,360,368,359,361
E5,172,173,171,170,169,175,172,172,171,173,173,170,169,169,170,174,171,174,168,172,175,174,177,175,177,175,181,179,183,183,184,182,189,189,192,194,201,207,213,227,242,262,271,280,292,302,312,311,322,327,346,356,351,359,355,359,355,356,360,363,351,361,356,358,354,351,355,350,354,350,351,351,350,351,352,349,349,352,343,346,350,347,351,350,347,346,346,348,351,348,349,349,351,348,353,348,354,354,349,351,356,353,358,355,354,355,357,358,352,360,358,360,358,360,356,360,360,364,362,361
E6,175,173,171,172,174,173,172,174,171,176,171,174,174,170,174,172,174,175,173,173,174,176,175,180,177,176,176,179,182,182,179,186,186,188,191,195,198,204,207,211,222,237,257,263,278,288,300,307,314,321,330,348,353,355,356,366,365,357,364,356,354,359,353,353,354,359,356,357,357,355,354,354,350,353,345,352,351,354,346,343,346,344,346,350,351,349,348,346,353,351,347,350,350,353,348,346,354,352,352,351,353,358,354,350,354,360,351,355,359,358,364,360,361,358,363,361,360,364,368,366
E7,191,193,191,189,191,190,191,194,196,196,195,197,197,201,201,200,201,205,206,210,215,212,216,219,223,227,233,241,251,261,277,287,309,339,372,396,421,445,466,488,502,529,549,564,595,602,611,603,611,604,608,615,611,614,611,618,610,607,615,620,615,616,612,611,616,613,616,614,606,618,617,607,608,607,610,606,608,613,604,606,609,610,599,608,606,608,605,593,601,609,610,605,603,607,608,599,607,606,613,603,602,610,610,608,604,603,599,611,599,608,605,611,603,608,605,606,609,600,610,608
E8,192,189,190,192,189,193,185,192,192,194,192,195,192,194,196,197,198,203,201,203,205,209,211,213,219,222,229,236,245,256,272,286,314,338,367,388,413,428,448,466,489,504,524,541,549,542,559,551,550,551,556,565,557,567,558,564,562,558,561,560,564,564,564,564,562,564,561,562,556,557,559,563,557,561,557,559,555,554,564,553,560,552,554,551,559,557,559,550,553,557,552,553,556,548,556,552,557,558,552,557,555,556,553,556,556,564,554,555,561,560,561,559,554,561,556,563,560,567,561,554
E9,200,196,196,194,193,194,197,194,197,199,196,199,201,206,202,208,209,208,211,215,210,219,221,222,228,229,235,241,251,261,271,288,309,333,357,395,417,441,468,488,507,531,547,566,585,613,615,620,621,621,625,630,624,630,621,636,628,625,637,632,627,629,621,621,626,626,625,617,628,625,621,625,619,622,622,622,622,622,614,607,613,618,619,615,616,610,614,622,615,614,618,613,620,612,616,609,617,615,625,616,614,615,614,617,620,625,616,613,618,619,614,624,619,614,621,619,621,619,617,612
E10,200,197,194,196,193,198,193,195,201,201,202,203,207,207,205,205,206,209,212,212,215,219,221,221,225,231,233,239,249,257,266,284,302,324,353,386,415,441,466,479,503,515,543,565,578,604,614,617,619,621,622,629,626,627,628,631,623,623,624,623,624,624,630,620,626,627,625,625,621,621,621,615,620,620,619,619,620,621,616,616,618,618,612,614,613,619,616,605,625,618,612,615,616,615,616,612,619,612,616,617,621,618,619,614,615,614,613,611,616,616,617,618,621,624,610,620,621,614,618,618
E11,198,198,195,194,193,198,194,197,199,204,201,203,200,204,206,205,207,211,207,212,213,218,217,222,225,230,236,240,249,255,270,290,300,326,351,382,417,435,458,478,502,518,538,559,584,595,604,604,607,609,611,612,610,611,614,619,616,613,610,609,605,615,607,610,617,612,612,611,607,603,613,612,603,608,604,605,609,610,607,607,605,602,612,607,609,601,600,605,610,601,607,612,609,606,606,604,612,612,608,605,599,605,603,604,612,613,600,611,609,609,610,609,606,609,611,607,607,614,605,608
E12,172,176,171,173,172,177,172,172,172,176,172,171,174,174,174,174,174,176,173,175,170,177,172,176,172,173,170,175,175,175,174,175,174,170,173,171,171,175,174,174,174,173,172,173,173,173,175,174,174,169,177,174,176,173,176,174,175,176,172,175,171,174,172,173,175,172,173,174,173,171,173,174,173,175,172,172,173,175,175,174,174,172,172,170,174,176,173,172,171,172,173,167,171,172,172,172,170,171,174,172,174,171,170,172,173,171,167,171,171,171,173,173,169,171,171,172,171,170,169,172
F1,172,172,173,174,175,171,172,170,172,175,171,171,172,175,176,176,174,172,172,173,175,170,174,172,172,176,174,175,171,173,175,174,174,171,173,175,174,175,172,171,175,171,171,174,170,172,174,172,171,172,172,173,174,174,171,174,170,172,175,176,170,173,172,171,168,173,171,170,172,173,170,171,167,172,170,169,172,169,169,168,169,170,170,166,169,165,165,167,164,167,168,168,166,164,169,167,169,167,164,165,164,164,165,165,168,161,162,157,163,166,162,160,160,164,157,161,161,158,161,160
F2,192,191,191,190,191,193,194,197,194,199,202,205,204,203,205,207,211,213,215,215,219,224,223,234,240,243,255,259,271,295,311,336,365,400,444,479,503,539,554,572,595,615,640,664,684,705,706,707,709,706,696,709,705,702,699,704,699,707,699,697,686,691,688,700,694,685,689,686,686,686,686,681,683,680,675,676,674,678,676,678,676,667,675,669,672,663,667,666,667,665,674,674,676,664,675,672,674,678,674,669,668,666,678,675,674,673,670,676,674,671,674,667,672,666,668,674,669,670,673,665
F3,191,193,193,194,189,189,191,191,194,195,201,199,200,205,205,206,206,210,212,218,223,222,221,228,234,239,250,256,274,287,309,329,359,400,448,469,500,521,547,566,589,615,622,656,678,693,701,687,700,698,701,697,695,697,687,694,689,682,686,691,678,676,678,680,677,677,672,677,670,673,669,669,662,669,662,660,670,665,655,660,659,657,652,651,653,659,652,656,658,658,652,651,655,658,655,655,656,661,656,651,650,654,659,659,652,662,652,653,647,660,653,652,658,656,652,660,660,656,653,650
F4,191,195,194,191,187,192,192,193,194,199,199,203,202,203,206,209,210,212,208,210,215,220,223,224,232,233,245,251,258,268,286,302,327,359,394,435,472,492,520,540,565,584,603,620,646,675,693,695,691,693,700,699,684,688,691,695,690,697,684,691,680,677,674,674,674,675,680,671,671,663,673,669,673,662,665,663,660,662,658,656,670,660,658,656,656,656,657,653,653,657,657,651,657,657,659,657,655,659,659,653,653,649,659,660,657,651,653,655,655,656,654,657,655,655,649,653,661,654,652,664
F5,193,190,191,192,190,192,188,189,192,195,197,198,201,199,202,205,201,206,207,208,212,216,220,219,223,227,238,239,251,255,275,289,314,336,373,412,448,479,504,529,556,572,595,607,635,653,688,694,692,693,690,702,692,688,685,686,683,682,680,679,681,671,670,670,673,673,675,663,671,665,667,668,665,665,662,657,663,656,653,660,658,654,663,654,659,646,655,654,656,655,650,651,651,650,653,647,648,646,646,649,650,650,647,649,653,647,652,655,648,655,656,661,652,653,644,654,656,655,651,651
F6,189,195,190,189,189,190,188,191,193,197,199,204,203,205,202,205,207,210,211,215,217,221,227,229,230,238,246,253,265,273,284,311,333,358,400,447,484,511,539,559,584,607,629,647,669,686,714,723,718,722,716,723,719,720,717,723,710,705,709,709,713,704,689,692,697,700,703,696,692,690,691,691,686,693,691,680,678,692,686,686,678,685,677,682,686,671,680,672,677,677,679,677,678,677,682,680,674,676,670,675,675,679,676,676,675,685,671,681,677,681,676,679,675,680,670,672,685,685,673,674
F7,174,173,172,172,170,174,172,173,172,174,172,175,172,173,172,174,174,175,174,176,179,175,180,180,181,181,184,185,190,188,195,193,199,203,212,217,225,247,261,272,283,299,304,311,320,331,333,349,361,363,363,364,365,370,362,372,368,368,358,366,360,363,360,363,361,356,365,364,361,362,361,359,358,364,357,358,356,359,356,357,361,355,353,353,353,358,357,357,358,355,357,359,357,360,359,357,357,362,362,365,359,358,364,362,359,368,364,366,365,365,368,365,366,370,361,370,368,366,368,370
F8,176,175,177,173,174,174,174,171,172,176,178,177,171,178,175,178,173,177,178,180,180,182,184,181,183,187,186,189,190,195,193,199,201,206,215,221,237,252,266,280,291,300,308,314,328,332,339,353,361,363,363,372,366,364,364,366,364,368,371,369,368,360,363,362,364,363,361,363,363,365,362,360,358,358,362,356,360,356,358,356,357,355,354,358,357,357,360,353,357,356,362,359,361,355,364,365,358,361,358,363,365,367,363,365,367,365,366,366,368,369,367,368,367,375,364,376,368,374,370,368
F9,181,181,177,176,178,176,177,176,177,175,175,177,177,177,177,177,176,176,176,179,178,182,182,182,184,184,187,189,188,191,190,191,198,201,209,217,225,234,254,268,277,291,296,305,310,322,325,340,352,360,362,364,362,367,363,367,361,367,365,365,361,370,359,357,362,361,360,357,361,357,358,356,356,359,352,357,357,358,351,357,358,355,355,354,355,352,353,352,355,355,357,362,357,355,355,356,359,359,361,363,364,361,364,361,364,366,362,367,365,370,370,370,369,369,369,370,372,374,370,370
F10,182,178,176,176,175,177,176,181,177,178,176,181,176,179,178,178,177,179,176,181,177,180,181,180,185,180,183,185,187,185,191,192,193,197,200,204,215,221,234,249,265,275,287,294,309,312,320,330,337,353,363,366,361,364,365,369,361,366,360,366,364,362,360,356,363,362,359,363,356,355,359,356,357,356,353,353,359,358,352,355,354,352,358,351,357,347,354,356,358,353,358,352,357,357,361,356,359,361,357,362,364,364,359,363,364,363,363,364,368,366,364,367,369,373,369,368,370,373,371,370
F11,179,180,177,175,178,177,178,178,178,179,178,180,174,180,177,180,178,179,178,180,179,182,182,185,182,186,187,191,189,189,196,198,201,206,206,210,219,229,253,262,273,288,294,307,319,318,329,334,356,359,364,365,368,368,368,366,365,369,369,366,367,363,362,364,365,359,366,360,363,359,366,358,360,362,363,360,357,356,357,354,360,359,358,354,358,357,355,359,358,357,357,361,366,358,363,362,361,364,363,367,367,360,367,367,364,363,364,364,371,376,368,365,372,376,373,367,371,378,374,368
F12,178,176,173,174,173,175,174,174,177,176,170,176,177,177,178,178,178,178,175,178,179,175,179,173,174,177,179,178,177,179,175,178,178,175,176,175,180,176,178,176,177,174,175,176,179,174,178,179,175,174,175,177,177,178,175,182,177,176,178,176,182,179,177,178,179,177,177,180,175,174,179,176,177,176,179,176,179,179,175,176,179,175,180,175,181,178,176,178,177,174,179,177,180,179,176,178,180,177,175,177,177,178,178,177,181,176,178,177,174,175,174,174,175,173,175,177,172,176,175,175
G1,168,169,169,168,169,173,170,168,167,172,173,170,172,169,173,172,167,170,167,175,170,171,168,168,173,169,171,175,174,173,169,170,170,171,170,170,170,173,170,173,173,172,172,172,171,170,169,170,174,170,172,171,169,170,171,173,171,171,166,171,171,170,171,168,169,170,171,168,172,172,172,170,170,167,168,169,169,170,169,166,169,167,169,168,166,168,169,168,168,169,170,166,164,167,168,168,169,166,165,168,163,167,163,165,164,164,163,164,164,164,162,163,161,165,164,160,162,164,158,161
G2,198,197,195,192,192,197,193,198,199,200,200,197,199,203,202,207,207,210,210,210,216,219,221,224,230,229,242,253,257,276,291,309,339,373,397,429,451,469,498,508,532,555,571,598,605,614,613,617,618,624,615,616,619,624,615,621,615,620,617,620,614,618,622,614,612,622,617,619,616,613,616,613,613,613,612,618,615,617,613,616,612,603,611,611,611,609,615,614,606,608,613,612,613,604,611,609,615,612,614,615,613,613,613,612,615,613,613,613,619,611,617,621,615,615,608,612,610,612,616,610
G3,189,188,187,190,187,189,190,189,194,190,192,196,194,199,193,198,199,197,202,203,204,205,211,213,220,223,226,234,242,247,260,271,297,316,349,375,399,415,437,451,473,495,509,536,544,546,550,558,556,547,559,566,567,560,558,569,558,564,558,560,560,562,559,560,564,562,560,565,562,555,559,557,559,565,549,563,553,556,553,553,563,553,557,555,552,552,561,553,551,553,559,553,557,552,559,553,554,552,553,554,555,554,558,560,559,560,560,549,559,560,552,559,562,548,556,556,554,563,554,561
G4,192,191,193,195,191,191,192,192,195,195,196,198,196,198,197,201,203,204,205,206,210,211,209,214,222,222,231,234,241,253,264,278,293,323,353,377,402,420,445,463,478,499,516,542,560,560,567,567,567,568,569,567,567,571,569,577,574,568,573,574,576,572,573,569,574,568,565,570,569,570,570,574,565,560,572,570,567,572,563,565,564,569,567,570,569,568,566,564,565,568,571,567,570,565,569,569,570,567,563,564,562,563,569,566,567,565,567,566,570,565,568,568,568,578,564,561,568,578,568,573
G5,197,197,197,194,194,197,195,199,198,205,202,203,206,209,206,207,211,210,211,214,217,217,225,227,228,233,236,244,251,260,273,287,303,324,361,388,421,447,467,484,511,526,547,573,591,616,622,624,623,628,627,628,632,633,631,636,631,627,632,632,629,631,631,627,631,627,631,624,625,622,629,621,626,633,621,630,622,627,621,618,619,625,619,615,623,620,624,612,622,619,620,613,624,616,625,622,618,624,623,621,620,621,628,620,630,623,616,624,621,629,622,628,627,626,623,626,617,623,621,623
G6,196,194,190,194,191,192,192,197,194,200,199,198,200,199,201,201,203,204,207,208,211,214,215,220,223,225,231,237,243,254,265,283,303,324,354,384,406,432,453,470,491,514,527,551,576,582,585,578,584,588,588,590,588,589,586,594,590,589,587,592,589,595,588,591,595,590,591,589,582,586,591,588,588,589,589,589,587,587,585,582,583,584,584,584,582,579,587,582,587,583,581,576,587,579,586,580,594,582,585,586,586,584,581,590,588,586,582,591,584,586,590,591,585,592,585,584,586,588,592,585
G7,191,190,192,192,192,191,191,198,197,199,195,203,201,202,205,210,210,214,219,218,219,227,239,239,248,257,272,284,304,332,358,405,445,473,504,527,553,570,593,613,642,656,686,692,711,709,696,700,707,698,697,703,702,701,703,697,694,695,694,694,687,689,682,685,687,686,685,685,683,681,679,683,681,677,682,672,673,679,674,669,678,677,672,670,675,666,669,669,676,672,675,671,675,669,674,667,678,679,678,676,670,669,676,676,666,669,673,676,678,679,670,677,682,670,670,675,677,675,678,672
G8,196,193,196,192,190,195,191,195,199,202,201,205,203,207,206,210,207,216,216,221,225,231,235,237,239,246,245,247,251,259,269,270,278,287,290,288,292,292,297,296,295,297,293,299,299,298,302,301,301,304,306,305,303,304,311,312,311,315,312,315,316,318,319,321,326,319,321,321,327,327,330,329,330,331,331,336,339,337,334,341,337,339,342,341,349,351,358,379,384,401,419,428,436,442,454,463,474,486,492,486,497,495,500,504,514,502,504,509,506,510,507,507,514,506,506,501,506,514,508,504
G9,197,196,198,197,198,199,199,198,200,204,205,208,206,210,210,215,213,217,215,220,226,227,230,230,239,247,250,255,269,284,302,320,350,376,423,459,486,510,540,555,574,603,620,641,659,682,689,688,686,691,691,696,693,687,688,694,687,687,687,680,682,676,681,680,683,675,678,675,671,675,676,673,672,680,672,667,671,670,665,665,665,670,668,664,669,661,662,667,665,665,668,663,675,662,665,667,666,668,665,669,663,662,673,666,666,660,667,666,671,669,663,671,665,671,671,668,665,674,679,676
G10,200,198,194,194,198,197,197,197,199,207,207,205,205,210,208,212,214,215,221,218,226,231,230,231,238,248,253,265,275,286,311,330,365,394,442,469,499,518,545,559,587,602,629,644,669,684,688,687,687,688,688,691,689,683,679,688,681,687,674,679,677,680,675,678,678,675,677,673,669,673,672,668,662,671,671,670,669,671,662,668,658,661,658,659,661,660,668,663,665,664,670,659,660,663,662,662,666,662,671,669,671,664,671,667,668,663,670,666,668,670,665,664,669,677,669,669,677,679,664,671
G11,194,194,199,196,197,197,196,199,201,201,206,210,207,210,209,214,218,222,223,227,230,235,238,244,245,251,251,256,261,261,268,273,275,286,287,291,288,287,294,292,296,295,296,292,295,295,296,300,304,301,300,304,299,301,304,310,309,314,312,311,311,317,314,316,313,323,322,324,325,325,321,322,327,328,324,323,328,327,332,332,332,334,336,340,343,352,362,365,382,397,409,419,433,440,460,462,471,480,499,510,512,518,518,525,522,529,529,529,520,539,527,535,530,536,527,536,531,539,528,532
G12,171,171,172,176,170,171,172,174,175,173,171,173,172,175,173,170,170,173,173,171,173,175,176,172,171,172,176,172,177,171,175,170,173,172,175,169,174,171,175,178,171,171,175,172,176,173,174,172,174,171,175,175,174,172,171,174,175,175,177,175,173,171,172,173,177,173,174,174,172,173,177,174,174,175,171,172,176,171,171,172,173,171,173,172,171,174,171,174,175,172,171,172,175,171,177,173,173,171,170,173,175,172,174,173,168,171,169,170,170,176,170,173,168,172,170,170,172,170,169,171
H1,172,171,174,174,168,173,169,171,171,175,170,171,172,173,173,174,171,171,171,174,173,175,172,171,175,173,172,175,173,172,173,171,175,170,173,176,172,170,173,172,169,168,172,172,170,170,170,169,172,170,171,172,167,169,168,169,169,171,167,168,167,165,169,164,168,168,166,169,166,165,164,170,165,167,164,164,163,163,162,160,161,163,159,158,161,161,159,157,158,156,159,153,154,154,157,157,158,154,154,153,152,152,154,154,155,151,149,151,154,152,152,150,151,151,149,151,151,154,150,151
H2,169,170,171,171,170,170,168,174,170,172,170,174,169,170,169,171,172,170,169,173,166,172,171,173,173,168,171,172,171,170,171,174,169,171,174,169,173,173,173,169,176,169,168,175,170,171,174,170,172,171,170,174,171,173,171,174,169,172,171,174,172,168,170,173,170,169,172,168,172,170,173,174,173,172,169,170,170,171,170,172,172,169,170,168,173,169,172,173,172,170,171,172,169,170,170,168,170,169,168,169,169,168,170,170,171,169,165,167,169,172,166,170,165,168,168,168,166,166,167,164
H3,169,171,169,168,169,169,168,170,171,170,167,170,171,173,167,172,171,171,169,172,171,174,170,171,170,170,172,172,171,168,171,171,169,172,170,171,174,167,173,173,173,171,174,174,174,169,170,169,171,169,173,172,171,173,172,172,173,173,171,172,170,174,170,171,172,173,175,172,172,169,172,171,173,174,171,175,171,174,169,174,176,173,169,171,170,171,171,173,173,168,173,169,173,172,171,173,173,172,171,172,170,172,171,171,172,170,168,173,170,169,170,169,169,170,167,169,168,169,172,167
H4,171,171,173,171,174,175,174,172,170,171,170,173,171,173,172,173,171,173,169,177,171,171,175,169,173,175,174,176,175,175,173,173,172,172,173,173,174,172,175,176,174,174,177,176,174,171,173,173,173,175,173,173,171,176,173,176,175,175,171,176,171,175,173,171,174,175,174,174,173,172,173,176,175,174,174,175,175,177,174,175,177,173,175,173,175,175,174,170,180,173,173,175,176,174,176,175,177,174,174,173,172,174,174,173,175,174,168,170,172,173,174,173,173,175,170,175,174,175,171,169
H5,176,175,172,171,171,171,172,172,168,174,171,177,174,176,173,173,173,173,177,174,171,173,175,172,172,172,173,175,176,178,176,174,176,172,174,173,175,170,173,176,174,176,172,175,177,172,172,175,174,174,177,174,173,172,176,178,171,177,172,175,178,176,175,175,176,173,174,176,176,176,176,175,176,175,176,178,173,176,174,172,175,174,174,175,179,172,177,177,173,174,175,171,178,170,175,171,175,173,174,175,173,174,173,174,175,177,172,173,170,176,173,171,172,173,172,173,173,173,172,173
H6,173,173,172,172,169,173,171,175,173,173,173,175,171,173,170,170,173,174,173,172,173,174,173,174,174,172,174,175,177,174,171,173,174,169,172,174,175,172,174,175,168,174,175,173,171,170,171,173,171,171,175,169,171,172,169,174,171,173,170,174,175,172,170,172,172,169,169,168,171,171,170,171,169,170,169,171,170,168,171,169,171,170,171,167,168,169,171,165,167,168,167,171,167,164,166,169,169,167,166,169,165,166,167,167,166,165,164,166,163,165,161,162,165,164,164,162,161,166,160,159
H7,173,174,172,174,171,175,172,173,172,173,173,172,174,175,170,173,174,172,173,173,172,173,173,172,173,171,174,171,175,175,172,172,172,175,170,171,175,174,175,173,176,170,170,171,171,170,170,172,171,171,170,173,170,175,172,174,169,171,171,174,172,170,170,169,172,171,171,169,169,171,170,167,170,169,166,170,170,170,165,169,170,165,168,168,167,165,167,166,165,168,169,168,165,167,164,163,160,167,166,165,164,165,163,164,165,164,164,163,162,164,160,162,158,161,157,161,158,160,161,162
H8,179,179,180,176,177,179,178,178,176,177,176,179,178,176,179,179,174,177,177,179,176,179,176,178,179,175,175,176,180,177,179,176,179,178,177,176,177,178,175,175,178,177,174,172,178,177,176,176,175,176,176,175,174,177,172,179,175,177,174,174,174,174,172,173,177,173,178,173,177,174,178,175,174,174,173,177,174,174,170,173,173,174,171,172,174,173,173,177,167,170,174,173,171,167,172,169,170,169,170,170,169,167,169,167,170,166,166,167,170,165,166,167,168,167,165,171,168,167,162,164
H9,177,176,173,173,176,178,173,175,176,173,173,172,176,178,174,175,171,175,169,174,171,176,174,176,175,171,175,174,176,171,175,175,172,173,173,176,173,175,179,174,174,171,175,174,174,176,177,175,174,170,175,176,174,172,173,175,173,175,173,174,172,177,174,173,174,173,172,174,175,172,173,173,171,173,171,170,171,171,171,174,171,169,171,169,172,171,170,169,170,167,170,169,170,170,170,170,171,166,169,166,167,168,171,167,169,167,165,165,167,167,164,166,165,166,161,165,162,164,164,164
H10,176,181,178,179,180,179,177,178,181,178,178,181,179,180,179,178,178,180,180,181,180,182,179,177,177,177,182,179,177,178,178,178,180,177,179,180,179,178,178,178,179,176,178,178,179,179,178,177,181,177,180,183,175,178,177,180,176,179,175,177,176,179,177,179,179,175,180,175,176,176,179,178,176,178,177,178,176,178,178,179,175,175,176,172,176,175,175,175,174,173,175,174,175,175,170,173,173,174,173,173,171,169,171,172,173,169,170,171,169,169,169,171,169,169,168,169,168,170,166,168
H11,178,175,180,177,178,174,179,180,178,178,178,180,179,177,173,178,178,178,179,177,179,181,177,176,178,178,176,176,176,174,178,175,179,176,178,176,178,175,177,180,177,178,182,178,176,179,175,175,175,175,177,177,173,178,174,178,175,173,177,178,173,178,174,175,177,175,171,174,178,175,178,170,176,175,173,175,172,172,171,171,173,173,170,169,173,171,169,171,172,169,174,173,170,170,171,169,169,170,170,168,168,168,168,167,167,169,163,166,163,166,165,165,165,166,162,165,165,165,163,164
H12,173,175,175,176,176,175,175,175,175,174,175,179,175,178,176,178,176,177,175,175,174,176,173,173,174,175,173,173,174,171,176,173,173,171,174,172,172,174,174,168,171,172,169,168,171,172,174,164,173,172,171,170,169,171,168,171,168,169,166,164,164,165,166,169,164,166,166,164,165,162,165,165,164,162,161,162,160,160,161,159,160,160,159,157,155,155,155,156,152,154,155,153,151,155,152,149,152,156,154,152,151,151,155,150,149,151,149,155,153,154,153,154,154,153,153,152,154,157,154,154