Cycle Nr.,1,2,3,4,5,6,7,8,9,10,11,12,13,14,15,16,17,18,19,20,21,22,23,24,25,26,27,28,29,30,31,32,33,34,35,36,37,38,39,40,41,42,43,44,45,46,47,48,49,50,51,52,53,54,55,56,57,58,59,60,61,62,63,64,65,66,67,68,69,70,71,72,73,74,75,76,77,78,79,80,81,82,83,84,85,86,87,88,89,90,91,92,93,94,95,96,97,98,99,100,101,102,103,104,105,106,107,108,109,110,111,112,113,114,115,116,117,118,119,120,121,122,123,124,125,126,127,128,129,130,131,132,133,134
Time [s],0,1361.4,2722.8,4084.2,5445.6,6807,8168.4,9529.8,10891.2,12252.6,13614,14975.4,16336.9,17698.3,19059.7,20421.1,21782.5,23143.9,24505.3,25866.7,27228.1,28589.5,29950.9,31312.3,32673.7,34035.1,35396.5,36757.9,38119.3,39480.7,40842.1,42203.5,43565,44926.4,46287.8,47649.2,49010.6,50372,51733.4,53094.8,54456.2,55817.6,57179,58540.4,59901.8,61263.2,62624.6,63986,65347.4,66708.8,68070.2,69431.6,70793.1,72154.5,73515.9,74877.3,76238.7,77600.1,78961.5,80322.9,81684.3,83045.7,84407.1,85768.5,87129.9,88491.3,89852.7,91214.1,92575.5,93936.9,95298.3,96659.7,98021.1,99382.5,100743.9,102105.3,103466.7,104828.1,106189.5,107550.9,108912.3,110273.7,111635.1,112996.5,114358,115719.3,117080.7,118442.1,119803.5,121164.9,122526.4,123887.8,125249.2,126610.6,127972,129333.4,130694.8,132056.2,133417.6,134779,136140.4,137501.8,138863.2,140224.6,141586,142947.4,144308.8,145670.2,147031.6,148393,149754.4,151115.8,152477.2,153838.6,155200,156561.4,157922.8,159284.2,160645.6,162007,163368.4,164729.8,166091.2,167452.6,168814,170175.5,171536.9,172898.3,174259.7,175621.1,176982.5,178343.9,179705.3,181066.7
Temp. [°C],37.2,36.9,36.9,36.9,37.2,37.4,37.6,37.6,36.8,37.2,37.7,37.4,37,37.7,36.8,37.6,36.8,37.7,36.9,37.7,37.2,37.7,37.4,36.9,37.6,37.2,37.2,37.6,37.1,37.1,37.5,37.7,37,36.9,37.3,37.6,37.7,37.4,36.8,37,37.2,37.5,37.6,37.7,37.4,37.1,36.8,36.8,37,37.3,37.5,37.5,37.5,37.7,37.7,37.6,37.6,37.5,37.1,37,36.9,37,37.1,36.8,36.9,37.2,37.6,37.7,37.3,37,37.5,37.6,36.8,37.2,37.5,37.7,36.8,37.1,37.5,37.7,37.6,37.3,36.9,36.8,37,37.2,37.2,37.3,37.4,37.5,37.4,37.5,37.5,37.4,37.5,37.5,37.6,37.6,37.5,37.6,37.7,37.6,37.6,37.5,37.5,37.5,37.5,37.5,37.4,37.3,37.2,37,36.9,36.9,36.8,36.8,37.1,37.3,37.6,37.7,37.5,37.3,37.2,36.8,36.8,37,37.4,37.7,37.7,37.5,37.4,37.3,36.9,36.8
B2,167,169,172,170,173,173,171,177,174,177,175,177,174,177,177,179,178,180,180,184,187,192,198,209,212,220,236,245,263,287,313,343,387,433,493,570,661,785,916,1083,1303,1536,1819,2172,2609,3110,3681,4316,4981,5276,5439,5531,5630,5689,5758,5850,5905,5951,6010,5593,5475,5425,5400,5334,5333,5353,5358,5366,5374,5391,5423,5415,5450,5398,5437,5441,5439,5463,5456,5444,5449,5466,5447,5430,5408,5414,5396,5394,5355,5384,5348,5405,5365,5339,5352,5314,5298,5301,5282,5280,5266,5254,5284,5267,5249,5240,5251,5270,5229,5219,5195,5209,5193,5201,5173,5162,5180,5182,5179,5155,5198,5160,5172,5171,5137,5153,5138,5137,5125,5095,5113,5079,5079,5046
B3,166,169,170,172,171,173,171,176,172,174,176,176,174,173,174,174,183,176,182,183,183,187,194,199,209,213,230,240,253,275,298,323,361,410,465,538,619,728,849,1002,1185,1411,1688,2006,2407,2866,3418,4029,4709,5199,5393,5550,5622,5733,5756,5827,5874,5951,6016,5889,5605,5490,5444,5417,5378,5386,5407,5384,5398,5411,5458,5452,5431,5455,5490,5496,5474,5478,5471,5501,5521,5532,5479,5475,5448,5480,5443,5453,5485,5444,5428,5462,5427,5423,5393,5376,5383,5357,5329,5317,5325,5338,5309,5312,5307,5325,5276,5348,5300,5285,5272,5294,5286,5248,5271,5245,5286,5256,5255,5250,5248,5272,5255,5246,5242,5213,5247,5256,5242,5240,5238,5247,5234,5215
B4,170,172,172,175,172,173,174,174,178,175,175,177,177,180,181,181,184,183,181,189,191,194,205,215,218,234,247,259,284,305,340,373,430,478,547,636,746,879,1023,1230,1470,1748,2105,2509,2983,3586,4182,4874,5272,5439,5558,5652,5700,5792,5847,5890,5984,6025,5835,5569,5507,5439,5412,5413,5390,5421,5412,5428,5438,5484,5452,5450,5479,5506,5508,5504,5526,5480,5494,5489,5500,5528,5510,5494,5488,5481,5477,5460,5435,5455,5451,5445,5416,5388,5421,5381,5388,5406,5331,5342,5321,5307,5340,5329,5329,5296,5295,5353,5290,5268,5316,5247,5265,5255,5290,5263,5242,5277,5268,5291,5259,5272,5255,5276,5286,5263,5264,5256,5257,5259,5305,5260,5225,5245
B5,174,171,176,171,174,173,175,179,179,180,181,182,179,184,182,186,181,182,187,188,195,195,200,207,216,224,235,251,266,289,312,346,384,438,488,571,658,773,901,1067,1269,1517,1819,2179,2586,3090,3693,4331,4988,5345,5471,5596,5673,5724,5817,5864,5887,5985,6050,5743,5557,5491,5471,5398,5405,5382,5398,5402,5422,5441,5451,5464,5472,5484,5508,5486,5492,5484,5518,5486,5521,5520,5476,5485,5514,5452,5438,5462,5473,5452,5417,5456,5418,5425,5389,5415,5367,5363,5377,5352,5351,5348,5321,5348,5300,5298,5305,5376,5324,5302,5289,5263,5289,5293,5284,5298,5285,5275,5281,5315,5273,5251,5248,5267,5257,5260,5249,5254,5260,5241,5266,5258,5271,5246
B6,169,171,172,170,171,173,171,172,172,174,175,178,177,178,177,179,179,177,183,186,190,192,197,209,212,224,242,253,272,297,324,355,406,460,522,608,711,835,984,1171,1395,1669,1989,2400,2846,3410,4031,4637,5197,5453,5560,5652,5744,5795,5867,5934,5953,6022,5940,5622,5501,5487,5441,5382,5410,5443,5427,5441,5450,5476,5479,5477,5486,5506,5512,5531,5509,5506,5519,5533,5511,5541,5520,5468,5509,5497,5496,5491,5471,5466,5449,5453,5401,5444,5406,5393,5389,5391,5348,5347,5334,5341,5346,5363,5327,5318,5318,5369,5306,5315,5306,5312,5294,5311,5277,5313,5283,5267,5273,5267,5306,5303,5276,5261,5317,5292,5288,5267,5288,5268,5299,5230,5236,5257
B7,147,148,148,149,151,153,152,154,152,155,153,159,159,159,163,167,171,176,190,198,212,224,243,267,285,312,349,400,456,518,596,696,805,952,1124,1353,1632,1973,2372,2868,3474,4089,4327,4409,4468,4522,4569,4606,4626,4683,4738,4685,4359,4329,4242,4262,4254,4231,4269,4263,4277,4267,4274,4265,4298,4277,4304,4274,4276,4284,4287,4289,4276,4278,4250,4251,4244,4235,4223,4222,4209,4254,4208,4202,4179,4180,4164,4176,4136,4142,4134,4145,4129,4116,4131,4100,4097,4106,4082,4082,4068,4091,4101,4092,4077,4092,4087,4130,4074,4069,4077,4080,4069,4048,4043,4064,4067,4060,4047,4056,4047,4042,4048,4053,4066,4050,4022,4045,4041,4014,4034,4012,4024,4032
B8,150,148,151,152,156,151,153,156,157,157,159,158,160,164,164,168,170,178,189,203,216,226,246,267,296,324,353,391,446,508,590,683,798,931,1082,1278,1535,1851,2229,2690,3241,3822,4257,4338,4402,4490,4512,4533,4593,4653,4677,4730,4422,4331,4256,4211,4237,4206,4255,4245,4230,4252,4268,4251,4261,4291,4278,4260,4269,4253,4254,4266,4233,4240,4240,4216,4237,4216,4230,4227,4201,4220,4184,4182,4176,4174,4160,4146,4147,4154,4153,4162,4124,4125,4132,4126,4116,4123,4110,4117,4128,4090,4093,4085,4095,4083,4058,4133,4055,4061,4037,4035,4041,4039,4049,4010,4031,4030,4030,4034,4038,4053,4020,4022,4010,4014,4020,4030,3994,3999,4030,3974,4005,3969
B9,152,151,153,151,154,156,155,156,160,157,156,160,161,163,166,164,173,176,190,194,210,220,242,262,283,308,335,371,427,488,558,648,745,867,1023,1199,1430,1734,2104,2531,3071,3674,4177,4326,4409,4451,4523,4567,4593,4640,4677,4745,4517,4352,4299,4232,4240,4233,4269,4268,4298,4289,4287,4292,4302,4320,4297,4314,4322,4338,4300,4314,4297,4282,4285,4287,4259,4252,4280,4248,4246,4289,4229,4235,4213,4208,4198,4197,4180,4172,4170,4207,4164,4154,4146,4147,4140,4118,4120,4124,4130,4142,4155,4163,4131,4135,4156,4170,4120,4095,4109,4104,4093,4095,4091,4083,4077,4087,4099,4090,4088,4061,4099,4071,4074,4066,4076,4051,4067,4062,4062,4038,4060,4026
B10,155,154,155,158,156,157,159,156,157,159,161,162,164,169,172,174,181,185,193,209,216,227,250,269,299,321,348,385,438,504,588,682,787,906,1059,1259,1490,1804,2162,2618,3155,3737,4134,4262,4308,4398,4424,4438,4504,4522,4575,4619,4360,4220,4158,4147,4117,4125,4136,4147,4143,4145,4160,4149,4151,4167,4186,4173,4168,4167,4172,4168,4151,4154,4143,4145,4149,4137,4114,4127,4113,4151,4107,4094,4098,4090,4074,4082,4078,4087,4050,4073,4044,4038,4037,4054,4033,4026,4021,4022,4040,4036,4042,4032,4001,3993,4003,4049,3972,3981,3963,3989,3972,3980,3965,3982,3949,3946,3945,3946,3929,3975,3967,3959,3950,3963,3961,3925,3934,3902,3919,3920,3897,3913
B11,153,151,155,154,159,155,157,158,161,161,159,163,162,167,169,169,179,185,202,210,220,236,253,281,302,335,371,420,475,549,640,737,847,1005,1183,1416,1696,2049,2466,2979,3578,4143,4295,4383,4463,4514,4549,4586,4617,4663,4711,4467,4295,4241,4214,4185,4208,4204,4240,4222,4230,4259,4240,4248,4258,4258,4231,4258,4242,4253,4265,4203,4239,4204,4225,4246,4226,4209,4197,4151,4189,4169,4181,4150,4135,4136,4124,4118,4108,4117,4093,4113,4082,4093,4062,4069,4056,4037,4049,4027,4039,4038,4038,4033,4018,4028,4030,4037,3995,4009,4002,3972,3993,3969,3985,3975,3932,3954,3949,3961,3947,3960,3945,3957,3935,3908,3920,3897,3892,3902,3886,3896,3857,3856
C2,172,172,179,180,176,176,176,182,186,183,182,185,184,186,193,197,199,209,219,230,241,259,284,311,336,364,415,466,538,609,696,806,940,1100,1285,1538,1850,2215,2673,3210,3815,4435,5073,5268,5396,5488,5535,5592,5630,5676,5768,5818,5603,5392,5278,5259,5208,5221,5244,5259,5239,5246,5265,5236,5253,5278,5281,5279,5290,5257,5280,5269,5277,5308,5276,5268,5250,5275,5293,5247,5249,5279,5259,5226,5263,5227,5228,5265,5200,5192,5216,5240,5216,5184,5207,5168,5176,5158,5191,5146,5149,5187,5148,5167,5158,5158,5152,5209,5103,5146,5117,5111,5121,5124,5149,5132,5097,5125,5098,5132,5104,5111,5130,5115,5084,5119,5106,5098,5094,5090,5110,5095,5045,5076
C3,173,175,178,173,180,180,175,181,180,180,180,185,182,187,185,195,205,210,217,229,248,263,286,318,341,381,429,486,551,633,725,840,974,1136,1337,1604,1926,2312,2769,3328,3916,4597,5094,5281,5378,5431,5484,5559,5581,5623,5673,5742,5806,5451,5292,5228,5218,5195,5211,5202,5227,5209,5223,5200,5245,5249,5225,5234,5234,5257,5233,5240,5214,5202,5258,5223,5237,5235,5219,5211,5215,5246,5190,5233,5210,5185,5165,5173,5160,5205,5170,5180,5190,5182,5148,5149,5131,5150,5141,5114,5123,5123,5133,5136,5121,5128,5122,5163,5135,5083,5100,5107,5100,5085,5106,5106,5112,5111,5094,5076,5088,5085,5068,5116,5106,5105,5111,5061,5080,5085,5107,5097,5080,5070
C4,175,173,182,175,178,179,179,182,178,178,184,186,185,190,192,198,203,212,222,234,253,264,287,319,345,382,432,493,556,632,731,845,977,1142,1349,1606,1912,2305,2758,3302,3896,4601,5087,5264,5352,5414,5495,5520,5544,5616,5644,5708,5781,5459,5306,5224,5237,5202,5230,5213,5185,5211,5241,5222,5205,5238,5238,5240,5229,5224,5214,5230,5235,5220,5228,5230,5228,5237,5226,5221,5216,5233,5194,5222,5200,5223,5177,5179,5194,5192,5164,5194,5180,5179,5173,5140,5148,5134,5174,5143,5149,5134,5136,5136,5106,5110,5116,5154,5107,5102,5098,5062,5120,5091,5066,5135,5092,5084,5066,5078,5089,5109,5099,5096,5084,5068,5069,5075,5088,5055,5082,5067,5064,5061
C5,179,178,182,178,181,181,182,182,186,185,185,188,187,190,195,202,209,217,228,242,254,276,301,333,356,391,445,504,583,665,762,884,1026,1196,1406,1680,2031,2447,2931,3502,4115,4795,5158,5282,5384,5419,5452,5522,5530,5573,5647,5710,5720,5382,5238,5216,5189,5169,5164,5138,5184,5194,5178,5213,5190,5223,5196,5209,5221,5231,5230,5196,5219,5233,5219,5200,5224,5194,5206,5197,5222,5207,5188,5203,5186,5194,5178,5160,5166,5180,5168,5181,5165,5130,5129,5132,5138,5123,5128,5123,5124,5114,5129,5117,5096,5091,5078,5128,5098,5067,5078,5052,5069,5054,5060,5060,5052,5043,5077,5045,5060,5073,5092,5055,5049,5052,5059,5048,5078,5026,5089,5054,5065,5050
C6,172,175,178,179,181,180,180,183,181,184,184,186,186,190,192,200,205,215,230,240,257,278,299,337,361,405,459,526,603,693,795,918,1076,1269,1500,1790,2160,2600,3120,3689,4341,4984,5241,5366,5443,5493,5521,5586,5642,5678,5745,5816,5492,5318,5236,5233,5247,5234,5212,5234,5227,5247,5257,5262,5253,5266,5280,5296,5266,5272,5296,5300,5290,5285,5282,5295,5305,5269,5256,5290,5238,5285,5263,5256,5278,5233,5216,5238,5234,5230,5199,5249,5229,5221,5201,5193,5184,5182,5156,5167,5144,5156,5171,5180,5150,5152,5151,5203,5114,5105,5148,5151,5158,5134,5117,5101,5124,5126,5128,5133,5111,5122,5151,5124,5123,5123,5131,5119,5138,5085,5114,5111,5124,5099
C7,170,171,176,176,172,175,174,179,178,180,182,186,184,187,188,193,198,205,212,218,231,242,261,283,310,345,378,428,482,543,622,723,841,990,1174,1390,1661,2005,2399,2873,3434,3885,4055,4144,4206,4233,4275,4304,4333,4373,4417,4494,4370,4241,4157,4145,4133,4131,4110,4109,4099,4094,4087,4098,4120,4128,4111,4108,4107,4101,4113,4097,4104,4109,4129,4113,4117,4092,4120,4096,4097,4122,4063,4082,4095,4064,4081,4067,4085,4069,4039,4102,4045,4049,4015,4034,4029,4027,4015,3994,4015,3999,4002,4016,4003,3977,3989,4063,3983,3982,3988,3986,3979,3976,3977,3966,3976,3955,3950,3950,3970,3943,3972,3967,3964,3956,3948,3930,3948,3933,3948,3964,3930,3982
C8,171,172,174,169,177,175,178,175,180,181,179,184,181,185,184,193,199,202,208,217,227,243,256,277,302,328,365,410,457,518,596,685,804,944,1106,1314,1556,1884,2265,2738,3251,3783,4034,4160,4211,4265,4290,4332,4343,4404,4425,4500,4352,4232,4179,4167,4125,4105,4115,4103,4126,4103,4096,4129,4121,4119,4098,4090,4106,4108,4111,4110,4104,4101,4107,4103,4094,4099,4077,4090,4098,4122,4096,4088,4082,4080,4070,4051,4054,4073,4052,4073,4032,4047,4033,4026,4011,4029,4004,4002,4007,3992,4017,3999,3984,3969,3994,4034,3972,3980,3968,3953,3980,3971,3961,3975,3966,3944,3955,3945,3967,3967,3941,3962,3951,3931,3928,3943,3952,3939,3953,3960,3947,3952
C9,173,172,171,174,173,175,172,173,177,177,181,179,181,183,187,188,195,197,208,211,219,234,247,271,286,317,344,385,432,483,557,641,744,863,1026,1209,1438,1727,2076,2505,2993,3573,3949,4103,4163,4232,4267,4291,4329,4376,4387,4475,4485,4319,4198,4179,4143,4116,4118,4092,4086,4097,4093,4084,4105,4099,4081,4117,4115,4125,4099,4115,4115,4099,4103,4117,4090,4088,4094,4101,4100,4134,4068,4068,4062,4061,4076,4071,4067,4035,4033,4103,4025,4032,4043,4027,4028,4033,4019,4021,4004,4022,3996,4013,4006,3990,4007,4028,3984,3977,3969,3958,3980,3969,3953,3954,3960,3956,3957,3981,3954,3972,3949,3956,3970,3955,3956,3935,3948,3930,3944,3927,3940,3933
C10,167,168,172,172,172,169,172,175,174,178,179,178,174,179,184,188,192,198,199,209,217,230,246,270,293,319,350,381,429,484,558,640,742,878,1023,1218,1461,1751,2086,2526,3037,3581,3987,4104,4175,4242,4266,4311,4332,4358,4417,4492,4456,4291,4194,4161,4147,4116,4107,4123,4124,4119,4071,4095,4092,4101,4082,4112,4111,4103,4132,4131,4114,4124,4115,4110,4128,4128,4099,4120,4119,4120,4100,4082,4103,4108,4070,4076,4094,4076,4063,4091,4057,4058,4050,4061,4034,4021,4021,4018,4009,4038,4022,3999,4018,4012,4009,4066,3976,3982,3993,3991,3993,3986,3972,3987,3978,3977,3967,3962,3974,3971,3976,3977,3985,3987,3973,3946,3936,3937,3953,3956,3954,3967
C11,169,165,168,173,170,172,173,173,171,175,177,177,182,186,186,188,191,201,204,210,221,236,257,274,298,323,360,399,450,509,588,668,781,924,1090,1295,1549,1860,2229,2675,3203,3724,4013,4116,4165,4249,4263,4302,4325,4370,4442,4469,4377,4238,4174,4150,4115,4117,4095,4090,4110,4083,4069,4070,4077,4081,4075,4082,4090,4121,4110,4134,4120,4116,4123,4117,4091,4097,4086,4073,4096,4120,4111,4089,4080,4082,4070,4040,4076,4080,4068,4073,4065,4049,4046,4038,4023,4029,4018,4023,4008,4034,4029,4010,3994,4018,4017,4057,3991,4000,4004,4004,3987,3984,3985,3964,3992,3965,3967,3986,3967,3976,3987,3987,3974,3984,3966,3972,3957,3934,3965,3943,3936,3954
D2,174,172,175,173,172,179,176,178,179,180,182,181,181,184,184,192,196,205,213,221,228,245,258,280,296,331,365,414,458,532,595,686,796,934,1084,1284,1532,1852,2211,2620,3164,3572,3724,3808,3819,3876,3877,3911,3907,3941,3971,3865,3754,3674,3602,3598,3574,3573,3567,3579,3577,3597,3591,3589,3582,3594,3570,3598,3594,3621,3589,3581,3604,3581,3576,3584,3575,3587,3574,3567,3563,3589,3568,3569,3572,3557,3572,3573,3548,3562,3547,3574,3563,3552,3521,3535,3546,3506,3529,3539,3507,3517,3542,3522,3533,3514,3529,3564,3509,3492,3505,3515,3502,3506,3511,3487,3502,3487,3510,3476,3489,3489,3494,3495,3499,3484,3485,3466,3472,3450,3451,3467,3443,3456
D3,170,174,172,178,173,176,178,179,177,178,180,181,180,183,184,190,191,200,208,216,226,236,248,276,288,314,351,391,436,500,568,637,745,855,1005,1186,1433,1705,2034,2445,2947,3383,3633,3714,3759,3796,3787,3843,3872,3867,3894,3887,3731,3623,3557,3549,3529,3507,3521,3531,3535,3527,3533,3522,3529,3527,3517,3530,3529,3531,3547,3542,3532,3535,3552,3543,3551,3530,3513,3521,3524,3542,3523,3505,3493,3503,3508,3491,3491,3496,3498,3505,3478,3510,3482,3475,3470,3501,3475,3462,3475,3469,3468,3481,3459,3444,3473,3498,3442,3468,3446,3448,3439,3429,3443,3432,3448,3427,3442,3427,3418,3414,3442,3441,3432,3407,3427,3419,3393,3409,3407,3400,3386,3400
D4,173,173,173,174,177,175,177,176,183,183,183,184,185,192,195,206,214,224,227,228,229,225,227,233,231,236,236,237,233,242,243,241,248,252,251,267,270,274,282,290,298,306,309,318,320,336,339,343,348,362,371,388,406,432,452,476,517,560,617,679,757,862,991,1138,1322,1546,1793,2092,2495,2941,3461,3801,3954,4015,4012,4081,4112,4129,4169,4182,4256,4214,4009,3876,3834,3819,3810,3823,3801,3819,3828,3851,3842,3845,3853,3853,3849,3849,3866,3879,3850,3844,3877,3842,3868,3836,3863,3897,3835,3823,3820,3827,3835,3813,3800,3817,3817,3787,3818,3810,3801,3800,3807,3800,3812,3810,3800,3798,3778,3805,3821,3791,3793,3793
D5,176,177,178,176,181,178,178,184,187,184,185,190,186,194,197,205,218,228,240,248,263,262,265,265,263,266,270,270,269,276,281,284,291,292,296,304,316,330,344,356,357,367,375,376,382,388,384,385,398,402,409,415,415,428,434,448,462,472,493,515,530,564,601,634,691,753,833,920,1039,1179,1335,1549,1791,2089,2377,2780,3228,3598,3767,3823,3854,3939,3925,3947,4006,4030,4061,4125,4085,3910,3800,3800,3757,3747,3740,3747,3738,3752,3772,3755,3793,3765,3799,3798,3789,3791,3817,3863,3809,3803,3819,3800,3804,3802,3800,3794,3791,3785,3786,3765,3773,3772,3775,3766,3769,3765,3750,3757,3778,3750,3767,3775,3763,3774
D6,171,170,175,177,172,174,177,178,178,180,181,183,186,191,197,205,217,228,243,253,271,286,291,293,289,290,293,296,301,301,308,307,312,321,332,345,353,371,380,394,409,423,421,424,434,439,442,449,458,461,474,472,490,496,506,517,529,542,564,579,595,618,647,670,708,749,799,859,937,1016,1117,1250,1408,1599,1829,2112,2450,2822,3240,3607,3769,3855,3900,3913,3955,3987,4000,4024,4089,4133,4154,3967,3833,3793,3760,3752,3762,3745,3733,3743,3741,3771,3782,3789,3803,3813,3801,3863,3807,3807,3812,3803,3782,3830,3805,3816,3800,3814,3796,3787,3767,3794,3791,3790,3790,3794,3781,3734,3751,3742,3792,3750,3767,3744
D7,167,173,171,171,179,174,175,176,176,178,179,181,188,192,194,206,213,222,239,249,267,284,307,318,315,314,313,316,317,325,331,339,343,350,354,370,381,396,403,419,435,443,450,464,473,479,490,505,515,531,551,563,589,617,645,677,705,747,789,843,889,960,1027,1111,1210,1317,1452,1621,1820,2046,2352,2667,3056,3347,3458,3502,3556,3575,3599,3637,3683,3730,3749,3789,3850,3716,3594,3579,3563,3571,3540,3566,3558,3557,3559,3565,3545,3557,3566,3553,3566,3570,3582,3576,3592,3584,3588,3625,3572,3586,3571,3586,3578,3556,3568,3572,3578,3556,3559,3551,3563,3564,3558,3555,3565,3565,3545,3557,3538,3538,3563,3552,3532,3514
D8,177,177,178,173,180,179,182,181,182,185,185,187,184,192,199,209,218,226,237,247,254,253,252,259,255,256,262,262,270,265,275,272,279,281,286,295,300,309,315,320,324,327,328,331,327,332,326,337,346,348,362,372,386,400,430,457,489,535,591,658,742,850,976,1140,1335,1565,1833,2155,2532,3010,3462,3664,3728,3802,3823,3848,3884,3898,3933,3975,4001,4069,3954,3803,3705,3681,3654,3655,3657,3665,3677,3686,3663,3707,3677,3683,3693,3671,3678,3690,3700,3698,3718,3692,3700,3692,3688,3738,3669,3669,3661,3667,3664,3642,3662,3628,3643,3651,3646,3636,3630,3636,3653,3660,3653,3654,3643,3630,3625,3630,3619,3647,3638,3624
D9,169,169,173,171,176,172,174,175,177,180,179,180,180,188,192,196,211,215,222,230,239,240,239,239,237,239,246,248,248,254,259,259,258,264,268,275,281,287,292,298,307,316,319,324,334,346,351,367,385,395,415,437,460,492,533,577,623,687,769,861,975,1115,1279,1473,1733,2016,2339,2747,3216,3564,3683,3768,3800,3836,3852,3871,3928,3948,3969,4018,4063,3896,3734,3681,3672,3636,3638,3648,3672,3637,3651,3680,3655,3677,3683,3660,3660,3665,3668,3663,3669,3692,3684,3670,3668,3669,3665,3702,3659,3640,3655,3652,3635,3635,3633,3642,3634,3625,3622,3646,3630,3603,3632,3620,3615,3632,3620,3631,3613,3600,3633,3611,3607,3603
D10,167,166,170,169,172,171,176,174,176,179,175,181,175,185,191,196,208,219,229,239,258,278,305,335,369,418,466,514,555,561,568,554,574,581,590,617,641,667,691,726,754,771,811,816,838,862,878,892,923,946,981,1011,1061,1107,1159,1223,1302,1379,1504,1630,1771,1928,2135,2389,2668,2899,2996,3014,3050,3078,3098,3113,3151,3183,3222,3292,3331,3372,3265,3198,3180,3225,3185,3165,3180,3171,3148,3160,3167,3194,3171,3197,3179,3164,3193,3181,3188,3165,3176,3173,3181,3177,3199,3199,3198,3186,3195,3207,3186,3175,3169,3171,3183,3166,3181,3182,3185,3192,3166,3173,3158,3148,3174,3185,3185,3151,3158,3163,3160,3159,3192,3157,3146,3164
D11,168,170,169,172,173,177,173,172,175,180,182,181,181,187,189,196,202,208,231,237,247,268,285,303,300,296,296,303,303,305,314,314,322,327,334,347,356,370,383,395,405,421,428,440,447,459,470,479,494,502,521,536,556,579,608,635,671,703,752,792,849,909,987,1072,1177,1300,1444,1626,1838,2098,2425,2803,3225,3447,3556,3604,3633,3664,3681,3713,3755,3801,3831,3874,3902,3694,3603,3573,3539,3549,3527,3574,3539,3552,3542,3542,3544,3553,3546,3540,3581,3549,3572,3598,3598,3580,3594,3612,3556,3569,3567,3553,3573,3555,3562,3576,3550,3537,3538,3541,3545,3534,3538,3535,3514,3511,3525,3528,3516,3507,3525,3518,3510,3515
E2,172,177,179,178,183,183,184,182,184,186,184,184,188,189,190,198,203,208,217,227,236,246,262,286,306,337,373,413,458,524,598,685,790,930,1080,1296,1533,1842,2203,2640,3153,3682,3966,4110,4161,4247,4263,4312,4328,4376,4409,4463,4433,4267,4165,4139,4090,4062,4060,4079,4053,4045,4059,4045,4026,4048,4038,4047,4045,4067,4031,4035,4046,4078,4065,4078,4066,4078,4094,4051,4040,4076,4063,4060,4062,4058,4034,4078,4045,4033,4055,4069,4029,4025,4028,4010,4001,3996,4022,4002,3984,3993,4003,4020,3991,3987,3998,3996,3988,3983,3987,3972,3979,3974,3958,3974,3946,3962,3969,3983,3958,3968,3968,3951,3968,3951,3965,3953,3965,3936,3966,3934,3932,3930
E3,176,177,177,179,188,179,183,182,186,187,185,183,190,192,191,200,207,207,219,225,232,244,264,290,312,343,381,422,475,532,610,702,818,948,1118,1311,1571,1882,2248,2686,3180,3712,4000,4117,4169,4232,4249,4282,4318,4355,4406,4468,4407,4281,4159,4112,4100,4081,4071,4061,4078,4058,4059,4025,4051,4045,4045,4035,4074,4053,4057,4065,4057,4048,4055,4070,4071,4061,4074,4046,4065,4050,4053,4050,4043,4050,4024,4024,4010,4020,4013,4034,4020,3996,3993,4007,3998,3963,3986,3982,3976,3963,3974,3990,3954,3973,3963,4019,3976,3957,3941,3952,3970,3963,3951,3953,3934,3934,3933,3934,3921,3938,3921,3935,3930,3927,3911,3919,3917,3918,3933,3896,3919,3895
E4,181,182,181,178,181,180,184,186,185,187,185,187,191,192,193,199,201,214,220,225,241,250,271,295,316,354,386,431,481,545,633,720,836,979,1147,1378,1619,1921,2295,2739,3257,3787,4012,4122,4158,4213,4268,4283,4306,4362,4412,4466,4369,4258,4176,4154,4116,4082,4088,4078,4053,4086,4070,4070,4044,4059,4049,4062,4039,4065,4071,4072,4065,4078,4080,4057,4087,4079,4100,4072,4052,4093,4052,4080,4048,4053,4059,4049,4050,4062,4056,4049,4043,4017,4018,4001,3977,3991,3993,4007,3993,3990,4008,4003,3980,3964,4007,4002,3970,3961,3948,3969,3989,3943,3962,3974,3932,3963,3933,3963,3945,3950,3954,3945,3938,3918,3921,3943,3943,3897,3921,3931,3909,3892
E5,173,175,176,175,180,182,181,182,185,187,184,187,187,188,193,197,209,214,220,234,245,262,283,311,346,381,426,482,543,619,719,825,969,1138,1328,1577,1876,2251,2703,3206,3741,4009,4120,4193,4209,4240,4278,4328,4364,4398,4438,4412,4254,4192,4150,4128,4150,4118,4119,4104,4089,4081,4083,4069,4080,4074,4070,4085,4077,4090,4094,4124,4114,4104,4122,4105,4102,4102,4094,4088,4101,4123,4112,4078,4060,4059,4082,4078,4047,4078,4063,4061,4055,4036,4055,4030,4049,4020,4002,4027,4033,3987,4008,4035,4000,4007,3998,4026,3982,3965,3981,3981,4000,3982,3983,3979,3978,3976,3964,3985,3966,3972,3980,3983,3960,3953,3955,3948,3971,3934,3970,3952,3955,3935
E6,174,172,180,177,180,179,180,181,181,185,186,188,189,191,196,200,214,214,224,238,254,273,295,325,362,403,451,508,580,669,775,892,1049,1240,1467,1742,2081,2489,2973,3518,3908,4098,4182,4239,4244,4295,4336,4379,4404,4470,4511,4334,4230,4196,4173,4163,4170,4124,4137,4142,4144,4152,4119,4140,4136,4140,4136,4131,4146,4147,4131,4098,4112,4133,4147,4129,4133,4143,4118,4111,4114,4160,4121,4103,4111,4097,4095,4113,4121,4101,4107,4136,4063,4055,4058,4059,4057,4058,4060,4054,4034,4038,4044,4036,4036,4035,4047,4042,4020,4000,4005,4041,4028,4019,4017,4013,4003,3987,4018,4031,4025,4002,3999,3957,4006,3981,3991,3993,3999,3968,4012,3987,3980,3981
E7,172,176,177,179,176,177,179,180,179,181,185,184,185,192,202,212,222,234,245,264,284,307,342,384,420,476,548,638,740,857,988,1144,1337,1573,1859,2207,2660,3164,3478,3576,3635,3667,3699,3689,3702,3768,3755,3792,3771,3641,3542,3512,3480,3481,3479,3478,3473,3463,3490,3479,3483,3465,3485,3489,3500,3484,3473,3488,3496,3508,3487,3485,3486,3473,3481,3474,3458,3482,3462,3483,3458,3496,3449,3467,3443,3450,3448,3449,3439,3468,3435,3454,3437,3455,3450,3418,3452,3412,3421,3410,3428,3414,3419,3440,3401,3418,3408,3426,3411,3407,3408,3417,3393,3410,3402,3392,3410,3383,3385,3395,3384,3360,3370,3376,3378,3383,3372,3355,3363,3346,3368,3391,3349,3351
E8,174,173,175,176,175,177,179,179,182,182,178,188,185,195,200,208,224,231,245,268,288,318,339,384,428,478,562,645,751,874,1006,1164,1361,1617,1902,2278,2732,3224,3514,3571,3600,3631,3691,3687,3705,3747,3740,3781,3702,3575,3510,3486,3453,3458,3452,3454,3459,3447,3476,3450,3460,3447,3475,3475,3472,3481,3474,3459,3479,3445,3477,3470,3471,3460,3460,3447,3468,3439,3454,3415,3459,3454,3425,3410,3431,3426,3441,3427,3408,3430,3425,3433,3418,3424,3417,3400,3415,3420,3408,3412,3407,3376,3392,3395,3399,3382,3397,3407,3393,3378,3386,3369,3393,3357,3363,3363,3377,3380,3366,3346,3346,3335,3361,3352,3341,3350,3342,3334,3336,3330,3354,3335,3330,3324
E9,170,174,174,176,176,176,175,175,180,177,183,181,183,191,197,211,223,234,249,266,281,307,337,371,413,473,544,628,722,836,959,1128,1310,1555,1836,2203,2608,3109,3468,3579,3650,3677,3690,3695,3713,3775,3781,3812,3809,3645,3547,3511,3488,3500,3475,3494,3497,3460,3495,3495,3512,3517,3519,3497,3483,3512,3507,3504,3505,3495,3484,3501,3488,3489,3493,3512,3461,3490,3480,3471,3488,3478,3473,3440,3483,3465,3458,3460,3469,3476,3459,3465,3454,3471,3455,3442,3446,3444,3430,3446,3423,3414,3426,3429,3425,3422,3430,3429,3416,3413,3420,3405,3398,3381,3398,3398,3411,3367,3383,3391,3371,3390,3384,3393,3385,3391,3371,3386,3366,3352,3397,3378,3358,3361
E10,172,172,173,170,172,173,179,175,181,181,182,184,188,192,203,215,221,234,251,265,294,319,353,393,448,517,584,684,793,922,1067,1241,1457,1733,2056,2452,2936,3336,3535,3601,3641,3675,3697,3707,3718,3749,3766,3808,3665,3544,3493,3468,3470,3456,3480,3484,3458,3458,3468,3471,3473,3482,3465,3482,3488,3471,3455,3474,3469,3464,3459,3462,3447,3461,3475,3453,3445,3448,3451,3434,3453,3460,3449,3446,3451,3453,3433,3434,3422,3430,3423,3440,3424,3414,3426,3403,3419,3400,3401,3408,3404,3394,3417,3408,3418,3388,3405,3394,3369,3384,3378,3382,3379,3365,3368,3379,3370,3359,3364,3368,3355,3367,3379,3344,3359,3357,3350,3351,3342,3337,3346,3323,3329,3341
E11,170,169,174,175,176,174,178,182,181,178,182,183,186,196,198,209,218,228,245,261,284,306,341,372,416,477,550,635,739,847,979,1147,1349,1589,1905,2252,2716,3209,3497,3610,3661,3690,3699,3705,3740,3785,3803,3830,3704,3557,3507,3501,3477,3491,3453,3476,3474,3444,3475,3491,3473,3471,3477,3474,3486,3482,3477,3492,3470,3491,3457,3473,3483,3460,3468,3444,3477,3464,3476,3458,3453,3489,3470,3466,3458,3443,3440,3460,3445,3458,3438,3458,3459,3445,3455,3401,3419,3430,3418,3423,3421,3407,3410,3401,3414,3419,3425,3431,3390,3401,3399,3422,3388,3379,3384,3377,3381,3369,3341,3381,3366,3394,3367,3376,3363,3381,3346,3378,3357,3362,3364,3342,3334,3356
F2,182,184,181,183,186,187,186,189,190,190,190,195,199,197,203,208,217,225,233,251,257,277,296,331,359,396,452,504,573,659,752,856,1005,1170,1381,1645,1945,2343,2791,3313,3655,3807,3886,3900,3928,3951,3946,3983,3993,4008,4011,3846,3754,3695,3668,3633,3653,3640,3655,3641,3641,3653,3638,3638,3637,3688,3662,3664,3660,3687,3642,3667,3650,3656,3649,3673,3657,3643,3647,3644,3648,3646,3648,3637,3650,3632,3630,3647,3630,3613,3611,3654,3611,3619,3620,3601,3621,3595,3589,3609,3600,3597,3628,3608,3626,3619,3626,3617,3601,3585,3583,3582,3597,3597,3569,3586,3589,3591,3571,3589,3561,3601,3576,3574,3573,3580,3582,3583,3573,3563,3582,3537,3548,3550
F3,182,181,182,184,186,189,188,192,188,191,193,191,196,197,203,207,216,221,232,243,262,274,298,328,349,383,438,491,556,639,731,843,963,1114,1306,1549,1837,2186,2596,3118,3486,3677,3760,3785,3793,3813,3834,3856,3872,3884,3898,3784,3633,3585,3580,3570,3517,3531,3540,3533,3544,3555,3536,3572,3568,3553,3575,3563,3559,3570,3546,3539,3547,3561,3578,3542,3565,3553,3560,3556,3524,3578,3549,3539,3536,3532,3531,3525,3524,3532,3518,3542,3533,3511,3507,3510,3498,3509,3508,3505,3505,3501,3505,3521,3485,3511,3498,3515,3484,3493,3498,3487,3500,3466,3474,3499,3488,3462,3466,3473,3470,3464,3471,3471,3482,3474,3491,3453,3468,3468,3462,3453,3457,3462
F4,183,186,185,186,185,185,188,188,191,190,196,194,196,195,202,212,223,229,233,246,264,281,308,334,366,399,454,514,588,679,770,875,1025,1184,1386,1639,1960,2334,2779,3304,3568,3655,3723,3756,3776,3769,3777,3824,3857,3856,3773,3650,3553,3550,3524,3505,3512,3515,3494,3512,3530,3533,3513,3508,3520,3514,3507,3521,3530,3532,3544,3516,3533,3537,3523,3524,3506,3522,3496,3492,3488,3527,3520,3511,3502,3506,3494,3495,3482,3511,3489,3531,3486,3505,3473,3476,3471,3470,3450,3466,3471,3465,3488,3467,3462,3471,3464,3474,3461,3448,3462,3489,3454,3446,3431,3434,3460,3451,3430,3434,3445,3458,3430,3425,3438,3443,3418,3404,3420,3421,3438,3407,3401,3406
F5,178,182,182,183,188,191,187,188,189,192,194,194,197,199,206,215,223,235,243,261,280,297,330,357,392,446,506,578,657,772,873,1000,1169,1380,1624,1916,2288,2721,3269,3577,3675,3756,3764,3801,3803,3849,3828,3860,3913,3887,3736,3628,3589,3564,3560,3565,3563,3561,3551,3554,3580,3547,3554,3582,3561,3582,3579,3546,3579,3595,3576,3570,3589,3580,3573,3581,3564,3554,3546,3566,3544,3577,3552,3535,3549,3553,3553,3538,3554,3554,3545,3538,3536,3524,3546,3543,3510,3504,3519,3525,3521,3493,3512,3516,3507,3506,3497,3527,3490,3499,3508,3521,3480,3482,3505,3500,3503,3470,3480,3466,3482,3485,3477,3482,3482,3474,3473,3468,3463,3457,3467,3477,3467,3480
F6,177,180,184,182,184,182,186,187,185,192,190,189,194,200,207,217,225,238,254,271,293,316,346,379,419,480,557,642,739,850,980,1127,1323,1557,1864,2187,2615,3111,3434,3600,3679,3674,3714,3728,3736,3783,3775,3817,3779,3621,3553,3525,3469,3491,3481,3490,3482,3498,3495,3481,3502,3497,3498,3507,3501,3518,3507,3510,3487,3491,3504,3502,3510,3478,3490,3498,3485,3502,3488,3480,3485,3519,3489,3496,3484,3478,3486,3478,3487,3479,3479,3484,3470,3471,3463,3475,3484,3452,3448,3435,3438,3456,3461,3465,3456,3449,3436,3456,3428,3435,3434,3436,3441,3424,3435,3423,3427,3406,3416,3438,3427,3430,3421,3431,3417,3424,3404,3391,3404,3398,3416,3394,3398,3396
F7,176,178,177,180,180,181,184,184,182,182,185,188,189,193,199,203,212,219,230,244,261,276,307,342,381,422,475,536,617,709,826,952,1125,1333,1582,1892,2258,2704,3219,3747,4014,4139,4202,4240,4250,4308,4344,4391,4474,4502,4368,4249,4182,4177,4162,4143,4120,4120,4104,4116,4122,4098,4121,4106,4114,4117,4114,4113,4124,4122,4132,4116,4138,4134,4101,4098,4114,4101,4106,4129,4115,4138,4091,4054,4076,4078,4086,4071,4081,4065,4067,4082,4055,4052,4032,4053,4049,4009,4036,4028,4016,4027,4031,4008,4015,4029,4009,4034,3983,4004,3996,4014,3994,3981,3997,3983,3977,3971,3965,3990,3970,4000,3941,3960,3973,3958,3980,3960,3960,3947,3963,3962,3954,3937
F8,176,181,181,176,183,178,183,186,190,187,188,190,189,196,202,210,213,224,232,245,266,281,314,350,385,428,487,549,632,724,845,986,1163,1373,1634,1964,2335,2817,3369,3853,4046,4153,4208,4245,4285,4323,4334,4387,4455,4489,4360,4220,4186,4156,4142,4143,4142,4102,4103,4126,4118,4098,4139,4101,4123,4122,4121,4102,4126,4131,4127,4129,4118,4162,4139,4127,4130,4124,4099,4122,4122,4110,4100,4080,4106,4093,4072,4092,4099,4072,4057,4083,4038,4063,4034,4037,4053,4061,4043,4040,4032,4013,4019,4024,4012,3990,4023,4024,4007,3999,3981,4003,4002,3990,3987,3981,3987,3968,3975,3977,3964,3985,3975,3992,3965,3954,3974,3956,3968,3945,3972,3965,3974,3955
F9,174,180,182,177,182,183,182,184,187,189,189,186,192,196,202,211,218,228,234,251,266,286,314,349,387,438,492,558,638,735,857,992,1169,1379,1653,1980,2348,2842,3349,3840,4045,4162,4192,4248,4301,4332,4339,4404,4459,4497,4363,4238,4158,4157,4139,4159,4136,4112,4129,4133,4113,4114,4121,4109,4111,4093,4150,4133,4131,4124,4143,4125,4123,4143,4135,4126,4114,4103,4118,4097,4111,4133,4106,4087,4106,4088,4098,4053,4080,4047,4046,4089,4055,4045,4045,4047,4034,4029,4022,4008,4016,4020,4021,4030,4047,4013,4002,4061,3996,4009,3991,4016,3991,4011,3981,3988,3976,3977,3959,3991,3997,3974,3982,3968,3985,3957,3951,3947,3961,3944,3980,3964,3964,3932
F10,171,174,178,176,181,183,182,184,187,182,187,191,194,196,201,213,223,232,243,267,286,310,343,384,435,494,556,636,737,855,995,1176,1390,1660,1974,2354,2813,3344,3832,4050,4148,4202,4243,4261,4320,4348,4397,4447,4491,4350,4204,4173,4167,4148,4144,4109,4134,4120,4110,4098,4117,4100,4094,4106,4110,4125,4140,4117,4117,4132,4130,4133,4127,4131,4127,4111,4110,4135,4109,4117,4090,4132,4103,4094,4106,4102,4059,4087,4076,4071,4076,4091,4073,4057,4056,4045,4053,4049,4037,4039,4012,4035,4028,4033,4024,4019,4014,4043,3991,4003,3995,4000,3993,3997,3999,3996,3984,3976,3979,3974,3975,3975,3988,3989,3993,3991,3970,3974,3971,3962,3959,3962,3961,3952
F11,177,179,178,180,179,181,185,183,183,185,185,191,193,198,206,215,222,242,248,269,294,314,353,405,453,521,585,675,773,903,1060,1248,1483,1754,2127,2534,3030,3590,3975,4136,4193,4256,4283,4317,4348,4428,4463,4514,4512,4294,4227,4182,4152,4158,4147,4141,4126,4129,4110,4161,4129,4155,4156,4152,4164,4175,4153,4176,4169,4168,4178,4141,4176,4173,4148,4150,4177,4166,4158,4139,4132,4150,4137,4124,4145,4134,4124,4145,4129,4138,4106,4125,4119,4120,4084,4088,4088,4088,4057,4060,4072,4070,4064,4076,4072,4084,4059,4089,4055,4034,4050,4051,4035,4027,4025,4041,4021,4034,4018,4030,4043,4041,4013,4041,4042,4028,4014,4017,4015,4012,4002,3978,3994,3983
G2,178,182,184,181,190,188,189,186,192,194,193,198,193,201,205,211,221,232,242,255,271,291,316,344,352,364,366,360,358,366,370,374,378,388,392,401,416,427,451,473,490,520,537,547,554,561,560,571,584,592,597,619,635,656,682,707,732,777,827,874,940,1019,1117,1221,1347,1493,1666,1878,2077,2302,2497,2727,2967,3234,3424,3479,3483,3562,3593,3650,3657,3765,3802,3883,3961,4001,3890,3843,3860,3838,3811,3849,3795,3780,3796,3759,3776,3773,3774,3779,3776,3784,3788,3798,3782,3785,3816,3799,3781,3798,3815,3798,3815,3832,3813,3818,3833,3837,3838,3817,3827,3817,3821,3829,3852,3817,3804,3816,3796,3785,3839,3784,3786,3806
G3,184,180,184,185,188,187,192,187,194,193,192,199,195,200,208,214,223,230,245,262,278,299,325,359,391,438,493,555,645,744,860,1001,1162,1338,1582,1857,2213,2649,3145,3599,3828,3871,3913,3948,3960,3987,4013,4034,4049,4020,3823,3735,3690,3677,3656,3677,3653,3642,3667,3673,3683,3658,3675,3673,3682,3711,3697,3675,3695,3702,3685,3704,3691,3675,3691,3670,3686,3677,3680,3677,3690,3682,3685,3666,3669,3653,3659,3689,3651,3654,3646,3673,3658,3648,3646,3632,3644,3605,3638,3649,3645,3633,3647,3646,3637,3625,3662,3649,3636,3625,3625,3635,3648,3621,3609,3635,3616,3598,3640,3642,3643,3609,3610,3599,3600,3622,3604,3609,3606,3609,3600,3583,3574,3596
G4,181,180,185,185,188,185,187,188,189,191,190,197,194,196,206,210,220,232,242,255,272,291,312,348,375,416,475,536,611,704,809,928,1074,1249,1471,1769,2081,2485,2974,3520,3776,3923,3993,4002,4022,4066,4072,4084,4128,4170,4037,3859,3805,3755,3759,3742,3752,3713,3740,3730,3737,3759,3737,3765,3761,3758,3778,3781,3758,3769,3760,3750,3757,3757,3769,3761,3748,3748,3747,3750,3730,3770,3739,3738,3716,3731,3725,3732,3726,3735,3709,3737,3698,3729,3713,3723,3733,3697,3705,3694,3705,3693,3712,3739,3696,3709,3711,3725,3698,3695,3706,3673,3690,3671,3675,3692,3681,3669,3700,3672,3678,3672,3666,3684,3662,3656,3662,3664,3643,3644,3660,3661,3639,3646
G5,179,181,184,185,186,184,188,185,194,194,192,192,192,200,205,212,222,234,243,262,276,296,326,349,391,437,491,567,655,743,859,992,1152,1350,1595,1897,2260,2689,3208,3645,3914,3963,4003,4045,4029,4087,4089,4141,4170,4135,3952,3831,3786,3768,3762,3756,3748,3754,3750,3771,3787,3773,3752,3780,3780,3779,3771,3774,3789,3778,3769,3794,3777,3788,3791,3799,3754,3777,3735,3770,3778,3785,3785,3740,3769,3767,3753,3761,3735,3740,3740,3778,3754,3742,3744,3737,3739,3726,3725,3739,3736,3725,3733,3726,3734,3709,3732,3748,3708,3705,3699,3708,3710,3714,3701,3698,3711,3688,3716,3713,3693,3712,3676,3681,3688,3697,3686,3669,3658,3678,3676,3661,3684,3660
G6,180,181,184,181,186,185,183,188,191,191,189,195,191,199,204,211,225,235,245,263,282,302,331,364,397,445,513,593,690,798,914,1056,1227,1433,1685,1997,2383,2860,3375,3728,3842,3924,3942,3963,3997,4041,4025,4052,4114,3978,3809,3749,3726,3699,3715,3705,3706,3698,3724,3732,3727,3721,3727,3723,3719,3705,3720,3731,3731,3743,3723,3746,3726,3719,3731,3714,3728,3716,3715,3713,3704,3732,3693,3699,3709,3693,3695,3691,3691,3688,3686,3717,3677,3682,3688,3660,3676,3668,3661,3672,3660,3661,3676,3680,3684,3642,3653,3691,3654,3640,3667,3661,3643,3652,3645,3637,3631,3648,3639,3645,3649,3637,3632,3622,3647,3618,3644,3613,3637,3608,3631,3591,3613,3614
G7,175,180,186,184,188,186,186,186,190,195,193,191,190,199,204,214,225,231,247,258,273,285,296,301,298,290,297,302,302,308,307,309,319,322,321,340,350,348,359,370,372,385,381,391,396,405,414,423,439,450,459,476,492,522,543,571,607,644,699,756,828,901,989,1127,1262,1458,1635,1892,2147,2421,2700,2995,3226,3424,3475,3510,3558,3609,3640,3696,3741,3826,3862,3934,4032,3909,3863,3871,3876,3855,3855,3860,3814,3830,3803,3810,3835,3794,3816,3817,3834,3808,3832,3833,3829,3816,3842,3864,3853,3867,3872,3878,3855,3879,3860,3868,3858,3875,3850,3813,3828,3848,3845,3820,3861,3854,3847,3811,3812,3845,3847,3832,3814,3838
G8,180,182,180,180,184,184,183,184,189,190,189,191,193,204,208,215,226,235,248,266,282,300,314,318,314,312,310,317,317,323,329,331,339,345,355,367,375,381,397,403,411,424,422,434,443,453,460,481,493,508,526,549,580,615,644,690,726,794,866,951,1055,1178,1320,1487,1693,1934,2196,2500,2814,3109,3397,3541,3601,3616,3653,3706,3744,3782,3842,3914,3987,4042,3987,3866,3890,3870,3882,3830,3843,3850,3838,3844,3835,3829,3831,3827,3812,3837,3835,3856,3837,3812,3859,3837,3838,3843,3872,3861,3839,3850,3892,3901,3872,3878,3876,3852,3885,3845,3849,3879,3857,3838,3843,3854,3850,3853,3829,3823,3844,3827,3847,3848,3837,3838
G9,179,182,184,184,186,185,189,189,189,192,193,195,196,200,205,213,225,233,240,256,274,292,306,313,314,308,309,312,317,322,326,329,331,343,343,364,371,382,396,400,409,429,432,438,441,455,461,481,494,511,526,554,573,600,633,671,714,758,826,911,981,1086,1213,1357,1529,1742,1967,2233,2514,2791,3085,3359,3519,3578,3626,3648,3703,3746,3807,3841,3902,4001,4068,3955,3901,3879,3870,3865,3849,3831,3836,3843,3805,3823,3837,3835,3828,3819,3834,3833,3837,3833,3862,3854,3863,3854,3842,3880,3830,3859,3874,3855,3871,3881,3883,3873,3880,3887,3870,3895,3863,3861,3860,3881,3865,3844,3855,3852,3849,3849,3870,3858,3866,3840
G10,178,182,186,182,186,188,185,185,189,192,193,190,193,199,206,209,218,235,240,255,265,274,280,280,276,274,280,277,284,289,288,290,296,304,305,313,326,332,341,345,357,363,370,375,380,388,399,400,417,428,449,469,484,512,542,580,633,679,744,827,925,1039,1164,1314,1476,1620,1769,1920,2075,2212,2355,2527,2663,2826,2993,3174,3281,3310,3324,3353,3405,3478,3500,3582,3643,3716,3801,3887,3964,3859,3841,3853,3840,3816,3801,3805,3830,3825,3796,3807,3801,3794,3820,3825,3828,3857,3859,3829,3858,3823,3829,3827,3836,3822,3825,3820,3812,3819,3792,3808,3802,3818,3821,3794,3784,3816,3790,3829,3823,3806,3806,3802,3805,3804
G11,175,180,184,181,181,183,184,185,187,190,193,188,189,198,203,211,223,228,234,250,272,289,315,345,374,420,477,537,623,722,832,951,1096,1297,1531,1826,2181,2607,3062,3418,3571,3628,3668,3690,3699,3735,3747,3762,3811,3660,3512,3483,3438,3426,3450,3422,3436,3417,3447,3433,3449,3435,3448,3442,3468,3456,3461,3449,3436,3460,3456,3437,3428,3462,3423,3444,3452,3427,3441,3438,3440,3447,3440,3429,3451,3421,3432,3440,3422,3453,3429,3426,3417,3435,3421,3414,3416,3415,3409,3409,3399,3411,3424,3410,3401,3393,3375,3399,3386,3373,3384,3355,3345,3374,3374,3360,3342,3355,3363,3350,3343,3341,3360,3341,3344,3341,3344,3338,3332,3314,3345,3311,3308,3303